Time (s),Illuminance (lx)
1.622622035037e+18,228.6000061
1.6226220350813535e+18,195.1999969
1.6226220352813107e+18,185.0
1.6226220354813094e+18,166.1999969
1.6226220356813292e+18,188.6999969
1.6226220358813366e+18,221.6999969
1.6226220360813302e+18,240.3999939
1.6226220362813094e+18,265.1000061
1.622622036481331e+18,271.8999939
1.622622036681336e+18,252.3000031
1.6226220368813304e+18,227.1999969
1.622622037081317e+18,225.3000031
1.6226220372813115e+18,230.3999939
1.6226220374813294e+18,235.6000061
1.622622037681334e+18,234.6999969
1.622622037881313e+18,232.0
1.6226220380813292e+18,234.1999969
1.6226220382813102e+18,239.0
1.6226220384813338e+18,241.6000061
1.62262203868131e+18,243.6000061
1.6226220388813302e+18,246.5
1.6226220390813348e+18,241.3999939
1.6226220392813297e+18,238.0
1.6226220394813153e+18,255.1999969
1.6226220396813294e+18,287.5
1.622622039881329e+18,291.3999939
1.622622040081333e+18,196.6999969
1.6226220402813097e+18,112.5999985
1.6226220404813302e+18,166.8999939
1.6226220406813343e+18,230.6999969
1.622622040881333e+18,219.3999939
1.6226220410813107e+18,199.3999939
1.6226220412813304e+18,197.1999969
1.6226220414813302e+18,212.5
1.6226220416813343e+18,213.0
1.6226220418813102e+18,206.1000061
1.6226220420813304e+18,198.6000061
1.6226220422813297e+18,196.5
1.6226220424813353e+18,194.0
1.6226220426813105e+18,191.5
1.6226220428813297e+18,186.1999969
1.6226220430813322e+18,189.3000031
1.6226220432813304e+18,187.8000031
1.6226220434813094e+18,191.8999939
1.6226220436813302e+18,197.1999969
1.622622043881331e+18,197.6999969
1.6226220440813335e+18,202.8999939
1.62262204428131e+18,207.3000031
1.6226220444813322e+18,209.3000031
1.6226220446813327e+18,213.8999939
1.6226220448813332e+18,213.6999969
1.6226220450813092e+18,213.3999939
1.6226220452813304e+18,213.1999969
1.6226220454813335e+18,215.5
1.6226220456813353e+18,218.6999969
1.6226220458813087e+18,222.5
1.6226220460813304e+18,197.3000031
1.6226220462813292e+18,128.6000061
1.622622046481331e+18,124.1999969
1.6226220466813112e+18,151.6000061
1.6226220468813315e+18,160.8999939
1.6226220470813317e+18,136.3000031
1.622622047281331e+18,88.59999847
1.6226220474813038e+18,64.59999847
1.6226220476813302e+18,57.5
1.6226220478813332e+18,71.0
1.6226220480813338e+18,124.5999985
1.6226220482813102e+18,232.0
1.6226220484813297e+18,231.8999939
1.6226220486813302e+18,217.8000031
1.6226220488813327e+18,212.1999969
1.6226220490813094e+18,213.3999939
1.622622049281329e+18,229.1000061
1.6226220494813312e+18,248.8000031
1.6226220496813335e+18,264.1000061
1.6226220498813194e+18,268.7999878
1.6226220500813294e+18,272.0
1.6226220502813294e+18,273.5
1.622622050481332e+18,277.5
1.6226220506813174e+18,277.7999878
1.622622050881331e+18,276.0
1.6226220510813345e+18,260.2000122
1.6226220512813294e+18,236.8000031
1.622622051481309e+18,220.0
1.6226220516813315e+18,213.1000061
1.6226220518813286e+18,190.3999939
1.622622052081333e+18,175.8999939
1.622622052281321e+18,177.3000031
1.62262205248133e+18,183.0
1.6226220526813327e+18,184.3000031
1.6226220528813332e+18,183.8999939
1.6226220530813204e+18,180.1000061
1.6226220532813307e+18,180.8000031
1.622622053481332e+18,180.8999939
1.622622053681333e+18,180.3000031
1.6226220538813094e+18,179.8999939
1.6226220540813325e+18,181.3999939
1.622622054281331e+18,182.3999939
1.6226220544813345e+18,183.3999939
1.6226220546813184e+18,183.8000031
1.6226220548813286e+18,183.6000061
1.6226220550813338e+18,184.1999969
1.6226220552813297e+18,184.1999969
1.6226220554813097e+18,184.8999939
1.6226220556813302e+18,185.8999939
1.6226220558813366e+18,188.3000031
1.6226220560813325e+18,188.5
1.622622056181333e+18,188.6000061
1.6226220563813335e+18,188.3000031
1.622622056581313e+18,188.3000031
1.6226220567813097e+18,187.8000031
1.6226220569813317e+18,180.6999969
1.6226220571813345e+18,181.8000031
1.622622057381321e+18,187.1000061
1.6226220575813192e+18,195.3000031
1.62262205778133e+18,190.1000061
1.622622057981335e+18,186.3000031
1.6226220581813228e+18,187.8999939
1.6226220583813169e+18,187.3999939
1.6226220585813317e+18,189.1999969
1.62262205878133e+18,191.1999969
1.6226220589813297e+18,192.6999969
1.6226220591813102e+18,188.6000061
1.6226220593813327e+18,198.1999969
1.6226220595813322e+18,205.3000031
1.6226220597813417e+18,207.6000061
1.622622059981309e+18,213.0
1.6226220601813094e+18,218.6999969
1.6226220603813327e+18,221.5
1.6226220605813427e+18,224.5
1.6226220607813143e+18,224.3000031
1.6226220609813322e+18,219.6999969
1.6226220611813338e+18,219.6000061
1.6226220613813484e+18,221.0
1.6226220615813112e+18,220.8000031
1.6226220617813292e+18,222.1999969
1.622622061981331e+18,217.6999969
1.6226220621813496e+18,210.8999939
1.6226220623813164e+18,206.8000031
1.6226220625813292e+18,205.8999939
1.6226220627813312e+18,205.8999939
1.6226220629813612e+18,205.3000031
1.6226220631813105e+18,203.6000061
1.622622063381332e+18,204.0
1.622622063581332e+18,205.1999969
1.622622063781346e+18,204.6999969
1.6226220639813107e+18,203.8999939
1.622622064181332e+18,202.1000061
1.622622064381332e+18,203.0
1.6226220645813476e+18,202.8000031
1.6226220647813107e+18,206.5
1.622622064981329e+18,206.3999939
1.622622065181334e+18,206.1000061
1.6226220653813407e+18,206.1999969
1.6226220655813053e+18,205.1999969
1.6226220657813302e+18,198.1999969
1.6226220659813335e+18,199.3000031
1.6226220661813353e+18,198.6000061
1.6226220663813038e+18,198.1999969
1.6226220665813284e+18,196.6000061
1.6226220667813327e+18,196.1999969
1.6226220669813343e+18,194.3999939
1.6226220671813133e+18,191.5
1.6226220673813325e+18,188.3000031
1.6226220675813335e+18,187.1000061
1.622622067781331e+18,181.8999939
1.6226220679813094e+18,178.8000031
1.622622068181334e+18,175.3999939
1.6226220683813325e+18,175.3999939
1.6226220685813307e+18,169.8999939
1.6226220687813243e+18,159.0
1.6226220689813302e+18,153.0
1.6226220691813322e+18,165.8000031
1.622622069381334e+18,162.0
1.6226220695813094e+18,163.0
1.6226220697813292e+18,162.3999939
1.6226220699813317e+18,162.1000061
1.6226220701813327e+18,161.6000061
1.622622070381318e+18,161.6000061
1.6226220705813322e+18,157.8000031
1.6226220707813292e+18,154.3999939
1.6226220709813315e+18,151.8999939
1.6226220711813097e+18,154.1999969
1.6226220713813286e+18,153.8999939
1.6226220715813325e+18,154.6000061
1.6226220717813294e+18,147.6999969
1.6226220719813087e+18,140.3000031
1.622622072181333e+18,120.5
1.6226220723813348e+18,89.09999847
1.6226220725813335e+18,69.09999847
1.6226220727813102e+18,77.0
1.6226220729813322e+18,82.0
1.6226220731813315e+18,77.80000305
1.622622073381332e+18,78.59999847
1.62262207358131e+18,81.90000153
1.6226220737813294e+18,79.0
1.6226220739813307e+18,72.69999695
1.6226220741813325e+18,71.0
1.6226220743813107e+18,67.80000305
1.6226220745813325e+18,67.40000153
1.6226220747813302e+18,64.80000305
1.6226220749813317e+18,64.69999695
1.6226220751813215e+18,65.90000153
1.622622075381331e+18,67.90000153
1.6226220755813312e+18,67.80000305
1.622622075781331e+18,67.40000153
1.6226220759813094e+18,67.90000153
1.6226220761813302e+18,67.30000305
1.6226220763813332e+18,68.40000153
1.6226220765813325e+18,69.30000305
1.622622076781317e+18,70.40000153
1.6226220769813307e+18,70.90000153
1.622622077181331e+18,70.19999695
1.6226220773813532e+18,68.80000305
1.6226220775813202e+18,69.0
1.6226220777813302e+18,68.09999847
1.6226220779813302e+18,69.5
1.622622078181333e+18,69.69999695
1.6226220783813102e+18,69.40000153
1.6226220785813297e+18,69.80000305
1.622622078781331e+18,68.90000153
1.6226220789813292e+18,69.59999847
1.62262207918131e+18,69.80000305
1.6226220793813297e+18,69.5
1.6226220795813327e+18,71.59999847
1.6226220797813312e+18,70.09999847
1.6226220798813322e+18,72.90000153
1.6226220800813325e+18,71.90000153
1.6226220802813228e+18,72.40000153
1.6226220804813092e+18,72.5
1.6226220806813322e+18,71.59999847
1.6226220808813332e+18,70.90000153
1.6226220810813445e+18,70.80000305
1.6226220812813181e+18,71.19999695
1.622622081481331e+18,71.69999695
1.6226220816813332e+18,72.09999847
1.6226220818813463e+18,74.69999695
1.6226220820813156e+18,75.09999847
1.6226220822813304e+18,77.59999847
1.6226220824813317e+18,73.09999847
1.622622082681346e+18,75.69999695
1.62262208288131e+18,91.80000305
1.6226220830813317e+18,118.1999969
1.6226220832813304e+18,142.3999939
1.622622083481344e+18,142.5
1.6226220836813107e+18,159.1000061
1.6226220838813345e+18,171.6000061
1.6226220840813338e+18,144.0
1.6226220842813386e+18,121.5999985
1.6226220844813107e+18,200.1999969
1.6226220846813322e+18,104.1999969
1.6226220848813297e+18,84.09999847
1.6226220850813322e+18,235.8999939
1.6226220852813243e+18,285.2000122
1.6226220854813302e+18,231.3999939
1.6226220856813332e+18,204.5
1.622622085881333e+18,195.8000031
1.6226220860813094e+18,171.0
1.622622086281331e+18,140.1000061
1.6226220864813307e+18,119.6999969
1.6226220866813143e+18,114.1999969
1.6226220868813036e+18,122.0
1.6226220870813312e+18,133.6000061
1.6226220872813343e+18,137.3999939
1.622622087481333e+18,139.6000061
1.6226220876813174e+18,145.6000061
1.6226220878813297e+18,154.1000061
1.6226220880813338e+18,158.0
1.6226220882813338e+18,159.8999939
1.6226220884813094e+18,160.8999939
1.6226220886813297e+18,160.8000031
1.6226220888813317e+18,162.0
1.6226220890813332e+18,161.8999939
1.6226220892813048e+18,161.8000031
1.6226220894813317e+18,162.8000031
1.622622089681331e+18,163.6999969
1.6226220898813312e+18,163.6000061
1.6226220900813097e+18,162.8999939
1.622622090281329e+18,161.1000061
1.6226220904813225e+18,160.3000031
1.622622090681304e+18,167.1000061
1.6226220908813187e+18,175.1000061
1.6226220910813215e+18,175.8999939
1.622622091281323e+18,176.8999939
1.6226220914813105e+18,177.0
1.6226220916813187e+18,177.6999969
1.6226220918813174e+18,178.8999939
1.622622092081321e+18,179.1999969
1.6226220922813087e+18,179.8999939
1.622622092481319e+18,179.6000061
1.62262209268132e+18,180.0
1.6226220928813486e+18,180.6999969
1.6226220930813112e+18,180.1000061
1.6226220932813174e+18,180.8999939
1.622622093481322e+18,181.0
1.6226220936813174e+18,183.6000061
1.6226220938813112e+18,185.8999939
1.6226220940813023e+18,187.3999939
1.622622094281322e+18,189.8999939
1.622622094481323e+18,192.6999969
1.6226220946813033e+18,191.5
1.6226220948813023e+18,191.8999939
1.6226220950813207e+18,191.6999969
1.6226220952813248e+18,198.1000061
1.6226220954813043e+18,209.0
1.6226220956813025e+18,233.5
1.622622095881319e+18,221.5
1.6226220960813225e+18,113.3000031
1.6226220962813128e+18,75.09999847
1.6226220964813036e+18,53.0
1.6226220966813184e+18,46.40000153
1.622622096881321e+18,38.5
1.622622097081329e+18,29.0
1.6226220972813023e+18,24.0
1.6226220974813217e+18,18.60000038
1.622622097981322e+18,15.5
1.6226220981813207e+18,13.89999962
1.6226220983813092e+18,12.69999981
1.6226220985813194e+18,10.5
1.6226220987813204e+18,10.30000019
1.622622098981322e+18,10.30000019
1.6226220991813038e+18,11.39999962
1.6226220993813181e+18,13.89999962
1.6226220995813215e+18,11.39999962
1.6226220997813225e+18,9.199999809
1.6226220998813174e+18,8.800000191
1.622622100081321e+18,9.300000191
1.6226221002813228e+18,9.300000191
1.6226221004813097e+18,8.699999809
1.622622100681317e+18,8.600000381
1.6226221008813197e+18,7.900000095
1.6226221010813233e+18,7.599999905
1.622622101281303e+18,8.199999809
1.6226221014813327e+18,7.599999905
1.622622101681317e+18,13.60000038
1.622622101881319e+18,8.600000381
1.6226221020813043e+18,8.0
1.6226221022813207e+18,9.399999619
1.6226221024813212e+18,8.199999809
1.6226221026813204e+18,7.5
1.6226221028813033e+18,9.199999809
1.6226221030813207e+18,6.599999905
1.6226221032813207e+18,7.199999809
1.622622103481321e+18,8.399999619
1.6226221036813036e+18,10.10000038
1.622622103881318e+18,7.800000191
1.6226221040813207e+18,9.600000381
1.6226221042813222e+18,9.5
1.6226221044813033e+18,8.0
1.622622104681318e+18,12.19999981
1.6226221048813197e+18,11.69999981
1.6226221050813217e+18,7.800000191
1.6226221052813028e+18,6.699999809
1.6226221054813192e+18,8.800000191
1.6226221056813207e+18,9.5
1.6226221058813181e+18,11.69999981
1.622622106081304e+18,9.399999619
1.6226221062813176e+18,12.10000038
1.6226221064813204e+18,11.80000019
1.622622106681317e+18,10.19999981
1.6226221068813046e+18,14.19999981
1.622622107081318e+18,9.0
1.622622107281322e+18,13.89999962
1.6226221074813233e+18,10.5
1.6226221076813133e+18,12.30000019
1.6226221078813181e+18,11.19999981
1.6226221080813212e+18,9.800000191
1.6226221082813217e+18,12.5
1.6226221084813115e+18,10.69999981
1.6226221086813192e+18,14.30000019
1.6226221088813169e+18,9.699999809
1.6226221090813476e+18,13.69999981
1.622622109281309e+18,10.39999962
1.6226221094813192e+18,12.89999962
1.6226221096813184e+18,10.10000038
1.6226221098813192e+18,10.0
1.6226221100813048e+18,10.5
1.6226221102813197e+18,10.60000038
1.6226221104813228e+18,12.39999962
1.6226221106813194e+18,9.5
1.6226221108813028e+18,12.10000038
1.6226221110813033e+18,9.600000381
1.6226221112813212e+18,11.80000019
1.6226221114813258e+18,9.5
1.6226221116813046e+18,12.19999981
1.6226221118813181e+18,10.30000019
1.6226221120813184e+18,12.60000038
1.6226221122813222e+18,10.10000038
1.6226221124813036e+18,12.80000019
1.6226221126813046e+18,9.800000191
1.6226221128813192e+18,11.39999962
1.622622113081323e+18,9.5
1.622622113281303e+18,9.899999619
1.62262211348132e+18,9.0
1.6226221136812695e+18,9.699999809
1.6226221138813202e+18,9.199999809
1.622622114081303e+18,10.60000038
1.6226221142813092e+18,9.699999809
1.6226221144813082e+18,9.0
1.6226221146813322e+18,10.39999962
1.62262211488133e+18,9.699999809
1.6226221150813197e+18,9.199999809
1.6226221152813302e+18,9.0
1.6226221154813307e+18,8.199999809
1.622622115681333e+18,7.199999809
1.62262211588131e+18,6.800000191
1.622622116081329e+18,6.800000191
1.622622116281335e+18,6.800000191
1.6226221164813338e+18,7.099999905
1.6226221166813097e+18,7.400000095
1.6226221168813294e+18,6.5
1.6226221170813335e+18,5.699999809
1.622622117281333e+18,5.900000095
1.6226221174813102e+18,4.800000191
1.622622117681308e+18,5.099999905
1.6226221178813297e+18,5.199999809
1.6226221180813335e+18,5.900000095
1.6226221182813092e+18,5.900000095
1.622622118481331e+18,5.599999905
1.622622118681333e+18,5.5
1.6226221188813292e+18,5.300000191
1.622622119081309e+18,5.199999809
1.6226221192813292e+18,5.599999905
1.6226221194813322e+18,5.900000095
1.6226221196813317e+18,6.099999905
1.6226221198813107e+18,6.5
1.6226221200813082e+18,6.300000191
1.6226221202813325e+18,6.400000095
1.6226221204813327e+18,6.699999809
1.6226221206813097e+18,6.400000095
1.6226221208813297e+18,6.699999809
1.622622121081332e+18,6.800000191
1.6226221212813307e+18,6.300000191
1.6226221214813087e+18,6.699999809
1.6226221216813084e+18,6.199999809
1.6226221218813297e+18,5.900000095
1.6226221220813327e+18,5.900000095
1.622622122281317e+18,6.099999905
1.6226221224813076e+18,5.900000095
1.622622122681332e+18,5.0
1.6226221228813307e+18,5.099999905
1.6226221230813164e+18,5.5
1.6226221231813322e+18,5.199999809
1.6226221233813297e+18,5.800000191
1.6226221235813094e+18,6.400000095
1.6226221237813307e+18,5.699999809
1.6226221239813332e+18,6.5
1.6226221241813097e+18,6.599999905
1.6226221243813169e+18,6.5
1.6226221245813302e+18,6.599999905
1.62262212478133e+18,6.699999809
1.622622124981334e+18,6.699999809
1.6226221251813207e+18,6.699999809
1.6226221253813302e+18,6.199999809
1.6226221255813356e+18,5.900000095
1.6226221257813332e+18,6.199999809
1.622622125981322e+18,5.800000191
1.6226221261813087e+18,4.400000095
1.6226221263813345e+18,4.300000191
1.6226221265813327e+18,4.199999809
1.6226221267813112e+18,4.199999809
1.6226221269813292e+18,4.300000191
1.6226221271813322e+18,4.800000191
1.6226221273813297e+18,4.599999905
1.6226221275813107e+18,5.0
1.622622127781308e+18,4.699999809
1.6226221279813327e+18,4.800000191
1.6226221281813322e+18,4.900000095
1.62262212838131e+18,5.400000095
1.6226221285813094e+18,5.5
1.6226221287813322e+18,5.099999905
1.6226221289813332e+18,5.599999905
1.6226221291813107e+18,5.699999809
1.6226221293813097e+18,5.599999905
1.6226221295813325e+18,6.0
1.6226221297813345e+18,5.800000191
1.6226221299813094e+18,5.800000191
1.6226221301813312e+18,6.199999809
1.6226221303813294e+18,7.900000095
1.6226221305813338e+18,10.30000019
1.622622130781316e+18,12.80000019
1.6226221309813128e+18,14.60000038
1.622622131181332e+18,16.29999924
1.6226221313813307e+18,17.29999924
1.622622131581316e+18,17.79999924
1.6226221317813097e+18,19.10000038
1.622622131981332e+18,19.60000038
1.6226221321813327e+18,21.39999962
1.6226221323813253e+18,23.89999962
1.6226221325813076e+18,26.89999962
1.6226221327813325e+18,25.20000076
1.6226221329813322e+18,23.70000076
1.6226221331813184e+18,23.0
1.62262213338131e+18,21.60000038
1.622622133581332e+18,22.89999962
1.622622133781331e+18,28.89999962
1.622622133981309e+18,23.89999962
1.6226221341813125e+18,24.29999924
1.6226221343813304e+18,25.5
1.6226221345813335e+18,25.39999962
1.6226221347813112e+18,24.29999924
1.6226221349813166e+18,23.5
1.6226221351813322e+18,23.60000038
1.622622135381332e+18,23.89999962
1.6226221355813197e+18,23.89999962
1.6226221357813102e+18,24.10000038
1.6226221359813325e+18,23.20000076
1.6226221361813312e+18,23.10000038
1.6226221363813435e+18,22.10000038
1.6226221365813107e+18,21.20000076
1.6226221367813322e+18,20.10000038
1.6226221369813332e+18,21.5
1.6226221371813453e+18,24.70000076
1.6226221373813097e+18,29.79999924
1.6226221375812547e+18,31.29999924
1.6226221377813348e+18,32.40000153
1.6226221379813476e+18,33.09999847
1.6226221381813166e+18,33.0
1.6226221383813294e+18,28.20000076
1.6226221385813335e+18,23.29999924
1.6226221387813322e+18,20.89999962
1.6226221389813102e+18,19.60000038
1.6226221391813312e+18,19.29999924
1.622622139381333e+18,20.10000038
1.6226221395813338e+18,20.20000076
1.6226221397813092e+18,19.5
1.622622139981333e+18,20.60000038
1.6226221401813292e+18,21.70000076
1.622622140381333e+18,21.89999962
1.6226221405813094e+18,21.29999924
1.6226221407813315e+18,20.5
1.622622140981334e+18,20.5
1.6226221411813297e+18,20.5
1.6226221413813092e+18,20.20000076
1.6226221415813304e+18,19.89999962
1.622622141781332e+18,20.10000038
1.6226221419813338e+18,21.0
1.6226221421813097e+18,20.89999962
1.6226221423813294e+18,21.60000038
1.6226221425813327e+18,22.39999962
1.6226221427813327e+18,22.70000076
1.6226221429813115e+18,22.10000038
1.6226221431813304e+18,21.89999962
1.6226221433813292e+18,21.39999962
1.6226221435813332e+18,21.5
1.622622143781317e+18,21.60000038
1.6226221439813097e+18,21.39999962
1.622622144181341e+18,21.10000038
1.622622144381333e+18,21.79999924
1.622622144581318e+18,21.39999962
1.6226221447813304e+18,21.39999962
1.6226221449813363e+18,21.20000076
1.6226221451813312e+18,21.0
1.6226221453813102e+18,21.60000038
1.6226221455813312e+18,24.60000038
1.6226221457813335e+18,32.59999847
1.6226221459813327e+18,114.1999969
1.6226221461813169e+18,337.7000122
1.6226221462813297e+18,344.2999878
1.6226221464813473e+18,337.5
1.6226221466813107e+18,312.7000122
1.622622146881332e+18,286.2000122
1.622622147081333e+18,263.7000122
1.6226221472813484e+18,222.8000031
1.622622147481321e+18,172.1999969
1.6226221476813297e+18,127.5999985
1.622622147881333e+18,94.59999847
1.622622148081332e+18,75.80000305
1.6226221482813102e+18,67.90000153
1.6226221484813292e+18,51.90000153
1.622622148681331e+18,30.79999924
1.6226221488813335e+18,23.0
1.6226221490813059e+18,21.29999924
1.6226221492813315e+18,20.79999924
1.622622149481333e+18,20.70000076
1.6226221496813315e+18,20.60000038
1.6226221498813043e+18,20.89999962
1.6226221500813304e+18,23.10000038
1.6226221502813317e+18,22.5
1.6226221504813338e+18,22.0
1.6226221506813117e+18,21.60000038
1.6226221508813297e+18,21.29999924
1.6226221510813327e+18,21.5
1.6226221512813338e+18,20.89999962
1.6226221514813097e+18,20.89999962
1.6226221516813286e+18,21.39999962
1.6226221518813325e+18,21.5
1.6226221520813332e+18,22.20000076
1.622622152281318e+18,22.39999962
1.6226221524813315e+18,22.29999924
1.6226221526813294e+18,22.39999962
1.62262215288133e+18,22.0
1.622622153081317e+18,21.60000038
1.6226221532813294e+18,21.60000038
1.6226221534813325e+18,21.29999924
1.6226221536813304e+18,21.10000038
1.622622153881304e+18,21.5
1.6226221540813212e+18,21.5
1.622622154281323e+18,21.20000076
1.6226221544813038e+18,21.60000038
1.622622154681318e+18,21.60000038
1.6226221548813202e+18,21.60000038
1.6226221550813235e+18,22.20000076
1.622622155281303e+18,21.79999924
1.6226221554813025e+18,22.10000038
1.6226221556813181e+18,22.10000038
1.6226221558813233e+18,22.20000076
1.622622156081304e+18,22.39999962
1.6226221562813181e+18,22.0
1.6226221564813212e+18,22.10000038
1.6226221566813174e+18,21.89999962
1.6226221568813263e+18,21.70000076
1.622622157081303e+18,22.10000038
1.6226221572813327e+18,22.29999924
1.6226221574813204e+18,22.10000038
1.6226221576813335e+18,22.39999962
1.6226221578813028e+18,22.39999962
1.6226221580813215e+18,22.70000076
1.62262215828132e+18,22.89999962
1.6226221584813335e+18,22.39999962
1.6226221586813025e+18,22.39999962
1.6226221588813204e+18,22.39999962
1.6226221590813204e+18,22.29999924
1.6226221592813207e+18,22.60000038
1.622622159481305e+18,22.79999924
1.6226221596813184e+18,22.89999962
1.622622159881321e+18,22.79999924
1.6226221600813212e+18,22.70000076
1.6226221602813043e+18,22.39999962
1.622622160481322e+18,21.70000076
1.622622160681318e+18,21.39999962
1.6226221608813253e+18,21.5
1.622622161081305e+18,21.89999962
1.6226221612813222e+18,22.39999962
1.6226221614813222e+18,22.60000038
1.6226221616813174e+18,21.89999962
1.6226221618813e+18,21.89999962
1.6226221620813207e+18,22.0
1.6226221622813207e+18,22.39999962
1.6226221624813222e+18,22.60000038
1.6226221626813097e+18,22.79999924
1.6226221628813258e+18,22.89999962
1.622622163081322e+18,23.0
1.622622163281321e+18,23.0
1.6226221634813036e+18,23.29999924
1.6226221636813174e+18,23.29999924
1.6226221638813435e+18,22.79999924
1.6226221640813204e+18,22.39999962
1.6226221642813038e+18,22.20000076
1.6226221644813176e+18,22.20000076
1.6226221646813174e+18,21.89999962
1.6226221648813225e+18,21.60000038
1.6226221650813036e+18,21.60000038
1.622622165281319e+18,21.10000038
1.622622165481321e+18,20.79999924
1.622622165681319e+18,21.0
1.6226221658813038e+18,20.89999962
1.622622166081319e+18,21.0
1.6226221662813204e+18,21.60000038
1.6226221664813297e+18,21.39999962
1.6226221666813046e+18,21.0
1.6226221668813181e+18,21.0
1.6226221670813202e+18,20.79999924
1.6226221672813233e+18,21.10000038
1.622622167481304e+18,20.70000076
1.622622167681317e+18,20.70000076
1.6226221678813207e+18,20.39999962
1.6226221680813217e+18,20.39999962
1.6226221682813105e+18,20.20000076
1.622622168481319e+18,20.79999924
1.6226221686813184e+18,21.10000038
1.6226221688813238e+18,20.79999924
1.6226221690813038e+18,20.79999924
1.622622169281317e+18,21.0
1.6226221693813235e+18,21.60000038
1.6226221695813076e+18,22.39999962
1.622622169781321e+18,22.29999924
1.622622169981303e+18,21.70000076
1.6226221701813204e+18,20.79999924
1.6226221703813036e+18,20.5
1.6226221705813212e+18,20.39999962
1.6226221707813217e+18,20.29999924
1.6226221709813215e+18,20.0
1.6226221711813046e+18,19.89999962
1.6226221713813192e+18,20.0
1.622622171581321e+18,20.0
1.622622171781323e+18,19.70000076
1.6226221719813036e+18,20.0
1.6226221721813184e+18,20.5
1.6226221723813215e+18,20.60000038
1.622622172581322e+18,20.79999924
1.6226221727813033e+18,21.5
1.622622172981318e+18,21.60000038
1.622622173181317e+18,22.20000076
1.6226221733813212e+18,22.20000076
1.6226221735813043e+18,22.0
1.6226221737813174e+18,22.0
1.6226221739813023e+18,22.20000076
1.6226221741813187e+18,21.79999924
1.6226221743813053e+18,21.79999924
1.6226221745813174e+18,21.60000038
1.6226221747813207e+18,21.70000076
1.6226221749813207e+18,21.70000076
1.6226221751813038e+18,21.5
1.622622175381318e+18,22.29999924
1.6226221755813332e+18,21.79999924
1.6226221757813235e+18,21.79999924
1.6226221759813084e+18,21.79999924
1.6226221761813181e+18,21.70000076
1.6226221763813215e+18,21.5
1.6226221765813235e+18,20.89999962
1.6226221767813043e+18,20.79999924
1.622622176981303e+18,21.70000076
1.6226221771813174e+18,22.10000038
1.6226221773813235e+18,22.79999924
1.6226221775813033e+18,23.10000038
1.6226221777813194e+18,23.5
1.6226221779813217e+18,23.60000038
1.6226221781813192e+18,23.70000076
1.6226221783813117e+18,23.60000038
1.6226221785813181e+18,23.39999962
1.6226221787813212e+18,22.89999962
1.6226221789813243e+18,23.29999924
1.6226221791813043e+18,23.79999924
1.6226221793813033e+18,23.29999924
1.6226221795813184e+18,22.20000076
1.6226221797813514e+18,20.89999962
1.6226221799813036e+18,20.5
1.6226221801813176e+18,20.70000076
1.6226221803813222e+18,19.5
1.6226221805813215e+18,17.29999924
1.6226221807813133e+18,17.5
1.6226221809813033e+18,17.70000076
1.6226221811813176e+18,18.20000076
1.6226221813813212e+18,18.29999924
1.62262218158131e+18,18.79999924
1.622622181781305e+18,18.70000076
1.6226221819813207e+18,19.20000076
1.622622182181321e+18,22.10000038
1.6226221823813036e+18,23.10000038
1.6226221825813181e+18,23.29999924
1.6226221827813187e+18,23.5
1.6226221829813248e+18,23.70000076
1.6226221831813036e+18,23.89999962
1.6226221833813071e+18,24.0
1.6226221835813212e+18,24.0
1.62262218378132e+18,23.79999924
1.6226221839813338e+18,23.79999924
1.622622184181302e+18,23.29999924
1.6226221843813217e+18,23.20000076
1.622622184581322e+18,23.0
1.6226221847813322e+18,23.0
1.6226221849813028e+18,22.70000076
1.6226221851813174e+18,22.60000038
1.6226221853813204e+18,22.29999924
1.6226221855813204e+18,22.70000076
1.622622185781303e+18,22.39999962
1.6226221859813212e+18,22.29999924
1.6226221861813207e+18,22.20000076
1.622622186381319e+18,22.10000038
1.622622186581302e+18,22.39999962
1.6226221867813215e+18,22.39999962
1.6226221869813212e+18,22.39999962
1.6226221871813192e+18,22.5
1.6226221873813038e+18,22.60000038
1.6226221875813217e+18,22.70000076
1.622622187781321e+18,22.70000076
1.622622187981318e+18,22.39999962
1.6226221881813033e+18,22.5
1.622622188381319e+18,22.29999924
1.62262218858132e+18,22.0
1.622622188781323e+18,22.10000038
1.6226221889813038e+18,21.60000038
1.6226221891813187e+18,21.29999924
1.6226221893813204e+18,21.10000038
1.62262218958132e+18,21.39999962
1.6226221897813033e+18,21.60000038
1.6226221899813176e+18,21.60000038
1.6226221901813174e+18,21.79999924
1.6226221903813212e+18,21.79999924
1.6226221905812275e+18,21.39999962
1.622622190781317e+18,21.29999924
1.6226221909813212e+18,21.29999924
1.6226221911813197e+18,21.20000076
1.62262219138131e+18,21.20000076
1.6226221915813176e+18,21.29999924
1.622622191781321e+18,21.20000076
1.6226221918813028e+18,21.29999924
1.622622192081321e+18,21.20000076
1.6226221922813215e+18,20.70000076
1.6226221924813322e+18,21.0
1.622622192681306e+18,20.79999924
1.6226221928813192e+18,21.10000038
1.6226221930813202e+18,21.20000076
1.6226221932813325e+18,21.60000038
1.6226221934813018e+18,22.89999962
1.6226221936813184e+18,23.60000038
1.622622193881321e+18,23.39999962
1.622622194081322e+18,23.20000076
1.6226221942813082e+18,23.20000076
1.6226221944813222e+18,22.79999924
1.6226221946813192e+18,22.79999924
1.622622194881348e+18,23.0
1.6226221950813059e+18,23.20000076
1.622622195281321e+18,23.20000076
1.622622195481322e+18,23.20000076
1.62262219568132e+18,23.5
1.6226221958813064e+18,23.5
1.6226221960813217e+18,23.20000076
1.6226221962813215e+18,23.70000076
1.6226221964813228e+18,23.39999962
1.6226221966813074e+18,23.29999924
1.622622196881322e+18,23.10000038
1.6226221970813215e+18,23.20000076
1.6226221972813243e+18,20.79999924
1.6226221974813048e+18,20.0
1.6226221976813174e+18,18.79999924
1.6226221978813174e+18,20.0
1.6226221980813207e+18,21.5
1.622622198281306e+18,21.0
1.6226221984813192e+18,18.89999962
1.6226221986813192e+18,18.29999924
1.6226221988813207e+18,19.20000076
1.6226221990813102e+18,19.60000038
1.6226221992813197e+18,20.60000038
1.622622199481322e+18,21.60000038
1.6226221996813181e+18,22.60000038
1.622622199881312e+18,22.0
1.6226222000813174e+18,21.10000038
1.6226222002813207e+18,21.39999962
1.6226222004813233e+18,24.0
1.622622200681304e+18,26.29999924
1.6226222008813174e+18,27.0
1.6226222010813202e+18,26.60000038
1.6226222012813202e+18,26.39999962
1.6226222014813038e+18,26.70000076
1.622622201681317e+18,27.39999962
1.6226222018813217e+18,27.5
1.6226222020813233e+18,26.79999924
1.622622202281312e+18,25.5
1.6226222024813187e+18,25.5
1.6226222026813181e+18,26.0
1.6226222028813233e+18,26.10000038
1.622622203081304e+18,26.0
1.622622203281317e+18,26.29999924
1.6226222034813212e+18,25.39999962
1.6226222036813217e+18,25.10000038
1.622622203881304e+18,25.79999924
1.6226222040813174e+18,26.5
1.6226222042813207e+18,26.5
1.622622204481322e+18,25.79999924
1.6226222046813036e+18,25.0
1.6226222048813217e+18,23.60000038
1.6226222050813222e+18,23.20000076
1.6226222052813212e+18,23.20000076
1.6226222054813074e+18,22.39999962
1.6226222056813197e+18,19.10000038
1.6226222058813225e+18,17.70000076
1.6226222060813212e+18,17.39999962
1.6226222062813038e+18,16.89999962
1.6226222064813174e+18,16.89999962
1.6226222066813184e+18,16.39999962
1.622622206881324e+18,16.5
1.6226222070813094e+18,17.0
1.622622207281317e+18,16.60000038
1.6226222074813217e+18,17.29999924
1.6226222076813202e+18,17.60000038
1.6226222078813184e+18,17.5
1.6226222080813028e+18,18.0
1.6226222082813215e+18,18.89999962
1.622622208481321e+18,23.20000076
1.6226222086813348e+18,24.60000038
1.622622208881302e+18,24.89999962
1.622622209081319e+18,25.0
1.6226222092813207e+18,25.0
1.6226222094813176e+18,21.60000038
1.6226222096813038e+18,20.79999924
1.6226222098813204e+18,20.39999962
1.62262221008132e+18,19.20000076
1.622622210281322e+18,20.89999962
1.622622210481311e+18,19.70000076
1.6226222106813181e+18,17.20000076
1.6226222108813202e+18,15.19999981
1.6226222110813202e+18,12.69999981
1.6226222112813033e+18,9.300000191
1.6226222114813202e+18,8.800000191
1.6226222116813194e+18,8.0
1.6226222118813204e+18,6.699999809
1.6226222120813046e+18,6.300000191
1.6226222122813192e+18,6.099999905
1.6226222124813192e+18,5.900000095
1.6226222126813166e+18,5.5
1.6226222128813087e+18,5.400000095
1.6226222130813164e+18,5.400000095
1.6226222132813164e+18,5.300000191
1.6226222134813212e+18,5.5
1.6226222136813046e+18,5.400000095
1.6226222138813192e+18,5.099999905
1.62262221408132e+18,4.900000095
1.6226222142813187e+18,5.0
1.6226222144813038e+18,5.199999809
1.622622214681316e+18,5.599999905
1.6226222147813207e+18,5.699999809
1.6226222149813023e+18,6.5
1.622622215181318e+18,6.699999809
1.6226222153813192e+18,7.199999809
1.622622215581334e+18,7.5
1.6226222157813012e+18,7.0
1.6226222159813212e+18,7.300000191
1.6226222161813164e+18,7.5
1.622622216381319e+18,7.599999905
1.6226222165813012e+18,7.800000191
1.6226222167813202e+18,7.800000191
1.622622216981321e+18,8.5
1.6226222171813184e+18,9.399999619
1.6226222173813012e+18,11.10000038
1.62262221758132e+18,11.60000038
1.622622217781321e+18,10.69999981
1.622622217981321e+18,10.89999962
1.6226222181813033e+18,14.39999962
1.6226222183813197e+18,28.89999962
1.6226222185813207e+18,66.69999695
1.6226222187813192e+18,74.09999847
1.622622218981303e+18,76.69999695
1.6226222191813164e+18,63.20000076
1.6226222193813202e+18,137.8000031
1.6226222195813212e+18,343.6000061
1.622622219781303e+18,369.2999878
1.6226222199813176e+18,304.3999939
1.6226222201813184e+18,177.3000031
1.62262222038132e+18,75.5
1.622622220581306e+18,58.40000153
1.6226222207813023e+18,58.5
1.6226222209813197e+18,58.5
1.6226222211813181e+18,56.20000076
1.6226222213813028e+18,48.29999924
1.6226222215813181e+18,42.79999924
1.6226222217813181e+18,36.5
1.6226222219813202e+18,33.0
1.6226222221813023e+18,31.70000076
1.6226222223813174e+18,31.0
1.62262222258132e+18,30.79999924
1.6226222227813204e+18,30.79999924
1.6226222229813025e+18,30.89999962
1.622622223181316e+18,31.0
1.6226222233813202e+18,31.39999962
1.6226222235813228e+18,31.10000038
1.6226222237813025e+18,31.39999962
1.622622223981318e+18,31.60000038
1.6226222241813176e+18,31.60000038
1.6226222243813217e+18,31.60000038
1.622622224581302e+18,32.09999847
1.6226222247813181e+18,32.90000153
1.622622224981321e+18,34.59999847
1.6226222251813184e+18,35.70000076
1.6226222253813074e+18,35.09999847
1.6226222255813166e+18,33.79999924
1.6226222257813204e+18,33.40000153
1.622622225981317e+18,33.70000076
1.6226222261813056e+18,33.29999924
1.6226222263813184e+18,34.20000076
1.62262222658132e+18,35.5
1.622622226781326e+18,36.59999847
1.6226222269813038e+18,37.40000153
1.6226222271813018e+18,38.09999847
1.6226222273813202e+18,37.79999924
1.6226222275813207e+18,38.09999847
1.6226222277813332e+18,38.09999847
1.622622227981302e+18,38.29999924
1.622622228181318e+18,38.29999924
1.6226222283813194e+18,38.20000076
1.62262222858133e+18,38.40000153
1.6226222287813115e+18,38.40000153
1.6226222289813197e+18,38.20000076
1.622622229181316e+18,38.59999847
1.622622229381322e+18,38.09999847
1.6226222295813071e+18,38.09999847
1.6226222297813202e+18,38.20000076
1.622622229981324e+18,37.5
1.6226222301813212e+18,37.0
1.6226222303813053e+18,37.29999924
1.62262223058132e+18,37.29999924
1.62262223078132e+18,37.40000153
1.6226222309813204e+18,37.09999847
1.6226222311813082e+18,37.29999924
1.62262223138132e+18,37.29999924
1.6226222315813194e+18,37.29999924
1.6226222317813212e+18,37.20000076
1.622622231981308e+18,37.20000076
1.6226222321813164e+18,37.5
1.6226222323813192e+18,37.79999924
1.6226222325813215e+18,37.5
1.6226222327813038e+18,37.40000153
1.6226222329813176e+18,37.59999847
1.6226222331813164e+18,37.40000153
1.62262223338132e+18,37.40000153
1.622622233581312e+18,37.70000076
1.622622233781318e+18,37.29999924
1.6226222339813207e+18,37.29999924
1.6226222341813238e+18,37.29999924
1.6226222343813048e+18,35.5
1.6226222345813174e+18,37.20000076
1.6226222347813204e+18,37.40000153
1.6226222349813215e+18,37.70000076
1.6226222351812987e+18,37.90000153
1.6226222353813166e+18,37.79999924
1.6226222355813194e+18,37.59999847
1.6226222357813212e+18,39.09999847
1.622622235981303e+18,40.5
1.6226222361813169e+18,44.20000076
1.622622236381321e+18,49.5
1.6226222365813228e+18,124.0
1.6226222367813071e+18,222.6999969
1.622622236981317e+18,168.8999939
1.6226222371813204e+18,103.0999985
1.6226222373813207e+18,77.40000153
1.6226222375813023e+18,62.79999924
1.6226222377813192e+18,62.09999847
1.6226222378813228e+18,74.19999695
1.6226222380813028e+18,74.59999847
1.6226222382813181e+18,92.30000305
1.6226222384813181e+18,105.6999969
1.6226222386813187e+18,107.1999969
1.6226222388813117e+18,105.1999969
1.6226222390813174e+18,109.5
1.6226222392813197e+18,184.3000031
1.6226222394813212e+18,217.6999969
1.6226222396813036e+18,72.09999847
1.622622239881317e+18,39.5
1.6226222400813181e+18,71.59999847
1.6226222402813212e+18,97.69999695
1.622622240481303e+18,137.8000031
1.62262224068132e+18,164.6000061
1.62262224088132e+18,164.5
1.6226222410813181e+18,158.1999969
1.6226222412813084e+18,158.1999969
1.6226222414813169e+18,154.6999969
1.6226222416813174e+18,147.6999969
1.6226222418813197e+18,131.3000031
1.6226222420813025e+18,123.9000015
1.6226222422813184e+18,126.0
1.6226222424813202e+18,127.9000015
1.62262224268132e+18,137.3000031
1.622622242881303e+18,141.1999969
1.6226222430813164e+18,158.5
1.6226222432813207e+18,175.1000061
1.6226222434813222e+18,183.1999969
1.6226222436813028e+18,196.3000031
1.622622243881317e+18,196.8999939
1.6226222440813207e+18,186.6999969
1.6226222442813197e+18,170.5
1.6226222444813107e+18,148.6999969
1.6226222446813025e+18,147.0
1.6226222448813202e+18,152.8000031
1.6226222450813181e+18,153.8999939
1.6226222452813148e+18,161.8000031
1.6226222454813184e+18,168.6000061
1.6226222456813181e+18,169.0
1.6226222458813215e+18,161.1999969
1.622622246081304e+18,159.3000031
1.622622246281317e+18,157.1000061
1.6226222464813169e+18,146.1000061
1.6226222466813174e+18,143.8999939
1.62262224688132e+18,144.8000031
1.6226222470813012e+18,145.0
1.6226222472813207e+18,145.8000031
1.622622247481316e+18,145.8999939
1.6226222476813292e+18,152.6999969
1.6226222478813048e+18,156.3999939
1.6226222480813202e+18,157.3999939
1.622622248281321e+18,162.6999969
1.6226222484813071e+18,161.1000061
1.6226222486813046e+18,172.5
1.622622248881321e+18,197.8999939
1.62262224908132e+18,192.0
1.62262224928132e+18,189.1000061
1.622622249481308e+18,189.3999939
1.6226222496813169e+18,190.1000061
1.6226222498813202e+18,190.6999969
1.6226222500813204e+18,192.6999969
1.622622250281303e+18,193.8999939
1.622622250481321e+18,194.3999939
1.6226222506813174e+18,193.3000031
1.6226222508813212e+18,192.1999969
1.6226222510813028e+18,190.1999969
1.6226222512813176e+18,191.1000061
1.6226222514813207e+18,191.8999939
1.6226222516813266e+18,192.8000031
1.6226222518813025e+18,192.1000061
1.6226222520813164e+18,191.3999939
1.6226222522813215e+18,195.3999939
1.622622252481324e+18,197.1999969
1.6226222526813038e+18,197.1000061
1.6226222528813174e+18,195.8000031
1.6226222530813204e+18,195.1000061
1.6226222532813235e+18,192.6000061
1.6226222534813025e+18,192.6999969
1.6226222536813166e+18,193.3999939
1.6226222538813202e+18,194.1000061
1.6226222540813215e+18,193.3000031
1.6226222542813076e+18,193.5
1.6226222544813018e+18,193.5
1.6226222546813164e+18,194.3000031
1.6226222548813215e+18,194.8000031
1.6226222550813025e+18,196.6000061
1.6226222552813187e+18,199.3000031
1.6226222554813202e+18,196.8999939
1.622622255681318e+18,196.3000031
1.6226222558813023e+18,196.5
1.6226222560813164e+18,195.8999939
1.622622256281321e+18,197.0
1.6226222564813202e+18,196.1999969
1.622622256681303e+18,195.8000031
1.6226222568813074e+18,196.6000061
1.6226222570813204e+18,197.1999969
1.622622257281348e+18,197.1999969
1.6226222574813028e+18,195.8999939
1.6226222576813135e+18,196.6000061
1.62262225788132e+18,196.1999969
1.6226222580813233e+18,196.0
1.622622258281305e+18,196.1999969
1.622622258481304e+18,196.6000061
1.6226222586813169e+18,197.3000031
1.6226222588813194e+18,197.5
1.622622259081333e+18,197.3999939
1.6226222592813023e+18,194.8000031
1.6226222594813164e+18,197.3999939
1.622622259681317e+18,198.3000031
1.6226222598813297e+18,198.0
1.6226222600813082e+18,195.3999939
1.6226222602813192e+18,196.6999969
1.6226222604813202e+18,194.8000031
1.6226222606813184e+18,189.6999969
1.6226222608813071e+18,183.6999969
1.6226222609813225e+18,164.3000031
1.6226222611813087e+18,163.3000031
1.6226222613813033e+18,160.8999939
1.6226222615813197e+18,151.1999969
1.6226222617813204e+18,162.1999969
1.622622261981303e+18,170.1000061
1.622622262181318e+18,173.6999969
1.622622262381321e+18,170.1000061
1.62262226258132e+18,170.5
1.6226222627813033e+18,172.5
1.622622262981303e+18,173.6000061
1.622622263181317e+18,176.6000061
1.6226222633813197e+18,178.1999969
1.622622263581312e+18,180.8000031
1.622622263781319e+18,181.0
1.6226222639813164e+18,182.5
1.6226222641813197e+18,184.5
1.6226222643813043e+18,184.1999969
1.6226222645813023e+18,181.6999969
1.622622264781321e+18,180.1000061
1.6226222649813212e+18,184.0
1.6226222651813148e+18,188.8999939
1.622622265381302e+18,188.0
1.6226222655813204e+18,182.3999939
1.62262226578132e+18,176.8999939
1.6226222659813325e+18,177.8000031
1.6226222661813018e+18,177.0
1.6226222663813194e+18,182.8999939
1.6226222665813204e+18,185.6000061
1.6226222667813225e+18,183.8000031
1.622622266981316e+18,182.3999939
1.6226222671813192e+18,184.8999939
1.6226222673813215e+18,186.1000061
1.6226222675813217e+18,187.6000061
1.6226222677813082e+18,186.8000031
1.6226222679813204e+18,188.8999939
1.6226222681813164e+18,190.8000031
1.6226222683813238e+18,192.1000061
1.62262226858131e+18,196.0
1.6226222687813358e+18,194.3999939
1.6226222689813166e+18,195.8000031
1.6226222691813197e+18,192.1999969
1.6226222693813033e+18,191.6999969
1.62262226958132e+18,188.0
1.622622269781321e+18,192.1999969
1.6226222699813212e+18,189.5
1.6226222701813076e+18,192.6999969
1.622622270381318e+18,188.6000061
1.62262227058132e+18,192.5
1.62262227078132e+18,192.1000061
1.622622270981303e+18,194.6999969
1.622622271181318e+18,193.6999969
1.6226222713813207e+18,196.1999969
1.622622271581321e+18,196.1999969
1.6226222717813028e+18,197.1999969
1.6226222719813166e+18,194.5
1.6226222721813164e+18,194.6999969
1.6226222723813225e+18,190.0
1.6226222725813025e+18,191.1999969
1.6226222727813166e+18,194.3000031
1.6226222729813222e+18,195.6000061
1.6226222731813181e+18,194.1999969
1.6226222733813028e+18,195.8000031
1.622622273581317e+18,195.6000061
1.6226222737813204e+18,195.3999939
1.6226222739813207e+18,196.6000061
1.622622274181308e+18,196.6000061
1.6226222743813164e+18,197.1999969
1.62262227458132e+18,198.6999969
1.6226222747813217e+18,199.8000031
1.6226222749813033e+18,201.1000061
1.6226222751813025e+18,200.8999939
1.6226222753813202e+18,192.6999969
1.6226222755813225e+18,190.3000031
1.6226222757813023e+18,192.6000061
1.622622275981303e+18,193.5
1.622622276181318e+18,192.6999969
1.6226222763813212e+18,192.8999939
1.6226222765813082e+18,194.8000031
1.6226222767813033e+18,194.8999939
1.622622276981318e+18,196.3999939
1.6226222771813197e+18,197.5
1.6226222773813025e+18,198.1999969
1.6226222775813194e+18,196.3999939
1.622622277781323e+18,196.8000031
1.6226222779813204e+18,196.6000061
1.622622278181303e+18,196.8999939
1.6226222783813023e+18,196.8999939
1.6226222785813194e+18,196.3999939
1.6226222787813222e+18,196.3999939
1.6226222789813274e+18,196.6000061
1.6226222791813325e+18,195.8999939
1.622622279381317e+18,196.6999969
1.6226222795813215e+18,197.1000061
1.622622279781336e+18,195.8000031
1.6226222799813018e+18,196.6999969
1.6226222801813197e+18,196.6000061
1.6226222803813202e+18,197.5
1.6226222805813207e+18,196.3999939
1.622622280781308e+18,197.5
1.6226222809813194e+18,196.6000061
1.6226222811813215e+18,196.3999939
1.6226222813813215e+18,198.3999939
1.6226222815813025e+18,200.5
1.6226222817813187e+18,202.8000031
1.6226222819813317e+18,202.8999939
1.6226222821813322e+18,202.6999969
1.622622282381315e+18,202.8000031
1.622622282581309e+18,203.6000061
1.622622282781331e+18,204.8999939
1.6226222829813304e+18,203.8000031
1.6226222831813153e+18,205.8000031
1.622622283381308e+18,203.8000031
1.6226222835813317e+18,202.3999939
1.6226222836813084e+18,202.6999969
1.6226222838813304e+18,203.3999939
1.6226222840813304e+18,202.8999939
1.6226222842813335e+18,203.1000061
1.6226222844813097e+18,202.3999939
1.6226222846813297e+18,201.8000031
1.6226222848813345e+18,202.3000031
1.6226222850813312e+18,201.1999969
1.622622285281309e+18,201.6000061
1.622622285481328e+18,200.8000031
1.6226222856813315e+18,202.3000031
1.6226222858813292e+18,203.1999969
1.6226222860813094e+18,203.1999969
1.6226222862813304e+18,201.5
1.6226222864813284e+18,200.1000061
1.6226222866813315e+18,198.3000031
1.6226222868813097e+18,196.6000061
1.6226222870813297e+18,198.6000061
1.6226222872813312e+18,196.8999939
1.6226222874813304e+18,198.6000061
1.6226222876813087e+18,201.0
1.622622287881308e+18,198.8999939
1.622622288081331e+18,198.5
1.622622288281331e+18,198.1000061
1.6226222884813074e+18,208.1000061
1.6226222886813087e+18,211.8000031
1.6226222888813317e+18,221.3999939
1.6226222890813335e+18,220.3999939
1.6226222892813156e+18,222.8999939
1.622622289481307e+18,222.5
1.622622289681332e+18,224.5
1.622622289881329e+18,223.5
1.622622290081309e+18,226.0
1.6226222902813071e+18,228.8999939
1.6226222904813284e+18,231.8999939
1.622622290681329e+18,214.8000031
1.6226222908813105e+18,181.8999939
1.6226222910813076e+18,172.3000031
1.6226222912813286e+18,186.0
1.6226222914813317e+18,193.1999969
1.6226222916813353e+18,182.0
1.6226222918813123e+18,145.5
1.6226222920813322e+18,86.59999847
1.6226222922813338e+18,57.20000076
1.6226222924813453e+18,51.40000153
1.6226222926813102e+18,50.0
1.6226222928813322e+18,35.79999924
1.6226222930813327e+18,28.5
1.6226222932813412e+18,25.29999924
1.6226222934813115e+18,27.0
1.6226222936813312e+18,29.70000076
1.6226222938813327e+18,33.20000076
1.6226222940813292e+18,28.70000076
1.6226222942813094e+18,26.70000076
1.622622294481328e+18,34.20000076
1.6226222946813327e+18,40.70000076
1.6226222948813327e+18,34.20000076
1.622622295081308e+18,34.79999924
1.6226222952813338e+18,39.90000153
1.6226222954813304e+18,42.20000076
1.6226222956813322e+18,42.0
1.6226222958813094e+18,44.29999924
1.6226222960813286e+18,47.70000076
1.6226222962813317e+18,48.70000076
1.622622296481331e+18,49.29999924
1.622622296681308e+18,50.5
1.6226222968813284e+18,50.40000153
1.622622297081333e+18,51.0
1.6226222972813322e+18,51.40000153
1.6226222974813169e+18,51.59999847
1.622622297681329e+18,52.59999847
1.622622297881332e+18,52.09999847
1.6226222980813325e+18,52.70000076
1.6226222982813125e+18,51.40000153
1.6226222984813286e+18,52.40000153
1.6226222986813335e+18,52.29999924
1.6226222988813322e+18,53.20000076
1.6226222990813102e+18,53.79999924
1.6226222992813302e+18,55.40000153
1.622622299481328e+18,55.09999847
1.622622299681331e+18,56.5
1.622622299881309e+18,60.0
1.622622300081328e+18,67.19999695
1.622622300281333e+18,79.5
1.6226223004813302e+18,89.40000153
1.6226223006813084e+18,107.5999985
1.6226223008813158e+18,122.8000031
1.6226223010813317e+18,121.6999969
1.6226223012813325e+18,119.9000015
1.6226223014813228e+18,120.4000015
1.622622301681308e+18,120.0999985
1.6226223018813312e+18,119.9000015
1.6226223020813327e+18,119.4000015
1.622622302281309e+18,119.6999969
1.6226223024813074e+18,118.9000015
1.6226223026813317e+18,117.8000031
1.622622302881332e+18,115.8000031
1.6226223030813105e+18,117.0999985
1.6226223032813123e+18,116.1999969
1.6226223034813302e+18,116.0
1.622622303681332e+18,115.0
1.6226223038813386e+18,115.0
1.6226223040813143e+18,114.5
1.6226223042813327e+18,114.1999969
1.6226223044813286e+18,113.3000031
1.6226223046813455e+18,112.4000015
1.6226223048813087e+18,109.5999985
1.6226223050813315e+18,105.9000015
1.6226223052813312e+18,105.1999969
1.6226223054813302e+18,103.1999969
1.6226223056813164e+18,103.3000031
1.6226223058813317e+18,102.6999969
1.6226223060813335e+18,106.3000031
1.6226223062813302e+18,114.5999985
1.6226223063813322e+18,111.9000015
1.622622306581333e+18,113.8000031
1.6226223067813146e+18,115.5
1.622622306981308e+18,114.8000031
1.6226223071813286e+18,115.5999985
1.6226223073813307e+18,116.0999985
1.622622307581309e+18,115.5999985
1.622622307781308e+18,116.0999985
1.62262230798133e+18,118.9000015
1.6226223081813304e+18,118.0
1.6226223083813117e+18,120.0999985
1.6226223085813074e+18,120.9000015
1.62262230878131e+18,121.0999985
1.6226223089813317e+18,121.5999985
1.622622309181325e+18,122.0999985
1.6226223093813133e+18,121.5
1.6226223095813317e+18,121.0999985
1.6226223097813325e+18,122.0
1.6226223099813455e+18,122.1999969
1.6226223101813123e+18,121.8000031
1.6226223103813312e+18,121.4000015
1.6226223105813322e+18,121.5999985
1.6226223107813484e+18,121.5
1.6226223109813092e+18,121.6999969
1.622622311181332e+18,121.5999985
1.6226223113813315e+18,122.5
1.6226223115813322e+18,121.6999969
1.6226223117813092e+18,123.5999985
1.6226223119813284e+18,122.9000015
1.6226223121813284e+18,125.1999969
1.6226223123813322e+18,125.8000031
1.6226223125813184e+18,125.5999985
1.6226223127813284e+18,125.1999969
1.6226223129813284e+18,125.1999969
1.6226223131813325e+18,126.1999969
1.622622313381324e+18,126.0999985
1.622622313581329e+18,125.4000015
1.6226223137813307e+18,125.8000031
1.6226223139813302e+18,125.5
1.6226223141813174e+18,125.9000015
1.622622314381328e+18,127.3000031
1.6226223145813325e+18,140.8000031
1.6226223147813317e+18,142.1999969
1.6226223149813187e+18,132.0
1.622622315181329e+18,119.5
1.622622315381335e+18,115.6999969
1.62262231558133e+18,114.5
1.6226223157813097e+18,96.0
1.6226223159813302e+18,87.5
1.6226223161813284e+18,89.80000305
1.6226223163813322e+18,91.90000153
1.6226223165813084e+18,95.40000153
1.6226223167813297e+18,99.30000305
1.6226223169813294e+18,101.4000015
1.6226223171813292e+18,101.5
1.6226223173813087e+18,100.1999969
1.6226223175813292e+18,99.5
1.622622317781329e+18,98.40000153
1.6226223179813304e+18,99.90000153
1.622622318181308e+18,102.5
1.6226223183813148e+18,103.0
1.6226223185813317e+18,106.8000031
1.6226223187813084e+18,106.1999969
1.6226223189813197e+18,106.8000031
1.6226223191813074e+18,107.1999969
1.622622319381331e+18,107.1999969
1.6226223195813312e+18,106.4000015
1.6226223197813158e+18,108.5
1.622622319981308e+18,107.9000015
1.6226223201813317e+18,109.0
1.6226223203813335e+18,109.5
1.622622320581311e+18,110.8000031
1.622622320781316e+18,110.1999969
1.622622320981329e+18,111.3000031
1.62262232118133e+18,111.5999985
1.6226223213813386e+18,116.8000031
1.6226223215813097e+18,126.8000031
1.6226223217813307e+18,130.5
1.6226223219813302e+18,131.5
1.6226223221813484e+18,125.9000015
1.622622322381315e+18,127.8000031
1.6226223225813312e+18,128.1999969
1.6226223227813315e+18,129.3000031
1.6226223229813284e+18,129.6000061
1.6226223231813087e+18,129.8999939
1.6226223233813312e+18,131.5
1.6226223235813317e+18,133.8000031
1.622622323781347e+18,135.3000031
1.6226223239813038e+18,137.5
1.6226223241813322e+18,136.1999969
1.6226223243813315e+18,128.6999969
1.622622324581332e+18,124.0999985
1.6226223247813164e+18,126.9000015
1.6226223249813286e+18,130.8000031
1.6226223251813312e+18,132.8999939
1.6226223253813325e+18,142.8000031
1.622622325581309e+18,146.3000031
1.6226223257813153e+18,148.1000061
1.6226223259813304e+18,145.8999939
1.6226223261813332e+18,141.6999969
1.62262232638131e+18,127.5999985
1.6226223265813302e+18,131.1000061
1.6226223267813307e+18,130.6999969
1.6226223269813294e+18,121.0999985
1.622622327181309e+18,125.1999969
1.6226223273813076e+18,124.0999985
1.6226223275813458e+18,110.4000015
1.6226223277813312e+18,97.69999695
1.622622327981317e+18,81.0
1.622622328181329e+18,75.19999695
1.6226223283813315e+18,75.30000305
1.6226223285813325e+18,44.40000153
1.62262232878131e+18,43.40000153
1.622622328981307e+18,67.69999695
1.6226223291813302e+18,96.30000305
1.622622329281308e+18,61.70000076
1.622622329481328e+18,67.0
1.622622329681332e+18,36.40000153
1.6226223298813315e+18,87.40000153
1.6226223300813046e+18,83.0
1.6226223302813315e+18,83.30000305
1.6226223304813286e+18,37.5
1.6226223306813317e+18,99.69999695
1.6226223308813202e+18,119.8000031
1.6226223310813304e+18,92.19999695
1.6226223312813304e+18,55.29999924
1.622622331481331e+18,20.0
1.622622331681318e+18,33.20000076
1.6226223318813297e+18,86.69999695
1.6226223320813302e+18,31.39999962
1.6226223322813332e+18,144.8000031
1.622622332487525e+18,62.40000153
1.6226223326813279e+18,16.29999924
1.62262233288133e+18,68.0
1.622622333081332e+18,122.0999985
1.6226223332813033e+18,228.6000061
1.622622333486756e+18,43.59999847
1.6226223336813327e+18,37.59999847
1.6226223338813322e+18,84.69999695
1.622622334081316e+18,145.0
1.6226223342813279e+18,65.09999847
1.6226223344813097e+18,100.5
1.622622334681329e+18,126.1999969
1.622622334881309e+18,132.6999969
1.6226223350813297e+18,138.5
