"Time (s)","Latitude (°)","Longitude (°)","Altitude (m)","Altitude WGS84 (m)","Speed (m/s)","Direction (°)","Distance (km)","Horizontal Accuracy (m)","Vertical Accuracy (m)","Satellites"
3.144914218E0,2.869234712E1,1.158794637E2,8.612117099E0,4.134155273E0,7.099999785E-1,0.000000000E0,7.564494580E-4,6.849216938E0,1.386689854E1,0.000000000E0
3.679041874E0,2.869234793E1,1.158794714E2,8.606663945E0,4.128723145E0,7.099999785E-1,0.000000000E0,5.578930070E-3,8.975011826E0,1.386689854E1,0.000000000E0
4.693880311E0,2.869233018E1,1.158795165E2,2.202029657E1,1.754254150E1,0.000000000E0,0.000000000E0,1.099722003E-2,4.670400620E0,7.918065548E0,1.100000000E1
5.694642342E0,2.869232226E1,1.158795713E2,3.721243062E1,3.273486328E1,0.000000000E0,0.000000000E0,1.474366890E-2,1.038640785E1,1.893312073E1,2.000000000E1
6.695284737E0,2.869230657E1,1.158795373E2,2.589309276E1,2.141546631E1,0.000000000E0,0.000000000E0,1.609104196E-2,4.160515785E0,5.262125015E0,2.600000000E1
7.706249060E0,2.869231837E1,1.158795342E2,2.458625031E1,2.010858154E1,0.000000000E0,0.000000000E0,1.778534199E-2,4.008767605E0,6.883502960E0,1.200000000E1
8.450920362E0,2.869232214E1,1.158795173E2,2.409674869E1,1.961901855E1,0.000000000E0,0.000000000E0,1.831929643E-2,3.790092468E0,5.604921818E0,3.100000000E1
9.451802132E0,2.869231767E1,1.158795153E2,2.255865636E1,1.808093262E1,0.000000000E0,0.000000000E0,1.869043735E-2,3.790092468E0,4.906652451E0,3.500000000E1
1.045658526E1,2.869232062E1,1.158795171E2,2.251575147E1,1.803802490E1,2.000000030E-1,2.560000038E1,2.033715904E-2,3.790092468E0,4.233523846E0,3.500000000E1
1.145343458E1,2.869232312E1,1.158795005E2,2.070507875E1,1.622729492E1,0.000000000E0,0.000000000E0,2.107418984E-2,3.790092468E0,4.523711681E0,3.500000000E1
1.245328588E1,2.869232821E1,1.158794956E2,1.949160656E1,1.501379395E1,0.000000000E0,0.000000000E0,2.121394582E-2,3.790092468E0,4.304940224E0,3.500000000E1
1.345418041E1,2.869232751E1,1.158794968E2,2.027260687E1,1.579479980E1,0.000000000E0,0.000000000E0,2.203151788E-2,3.790092468E0,3.776335001E0,3.600000000E1
1.445318385E1,2.869232712E1,1.158795052E2,2.182995353E1,1.735217285E1,0.000000000E0,0.000000000E0,2.275109042E-2,3.790092468E0,3.405303955E0,3.500000000E1
1.545084843E1,2.869233284E1,1.158795086E2,2.207007132E1,1.759228516E1,2.099999934E-1,1.779999924E1,2.311476000E-2,3.790092468E0,2.913738728E0,3.500000000E1
1.645333333E1,2.869233484E1,1.158795116E2,2.137939413E1,1.690161133E1,3.600000143E-1,2.839999962E1,2.382712958E-2,3.790092468E0,2.788760662E0,3.500000000E1
1.745631864E1,2.869234005E1,1.158795158E2,2.275219851E1,1.827441406E1,5.299999714E-1,2.879999924E1,2.545082193E-2,3.790092468E0,2.562665462E0,3.500000000E1
1.845599208E1,2.869235465E1,1.158795161E2,2.179337593E1,1.731555176E1,7.799999714E-1,2.870000076E1,2.592681923E-2,3.790092468E0,2.500000000E0,3.500000000E1
1.945358666E1,2.869235754E1,1.158795197E2,2.124814604E1,1.677032471E1,2.599999905E-1,3.070000076E1,2.615124591E-2,3.790092468E0,2.500000000E0,3.400000000E1
2.045234119E1,2.869235634E1,1.158795216E2,2.180294668E1,1.732513428E1,0.000000000E0,0.000000000E0,2.617836489E-2,3.790092468E0,2.725817919E0,3.500000000E1
2.145416900E1,2.869235656E1,1.158795217E2,2.226772964E1,1.778991699E1,0.000000000E0,0.000000000E0,2.625815199E-2,3.790092468E0,2.804808378E0,3.500000000E1
2.245533062E1,2.869235646E1,1.158795225E2,2.209035875E1,1.761254883E1,0.000000000E0,0.000000000E0,2.639424817E-2,3.790092468E0,2.684103966E0,3.400000000E1
2.344764822E1,2.869235767E1,1.158795227E2,2.210201920E1,1.762420654E1,0.000000000E0,0.000000000E0,2.663582578E-2,3.790092468E0,2.562231064E0,3.400000000E1
2.445350249E1,2.869235589E1,1.158795213E2,2.170846385E1,1.723065186E1,0.000000000E0,0.000000000E0,2.713862109E-2,3.790092468E0,2.500000000E0,3.400000000E1
2.545694744E1,2.869235187E1,1.158795236E2,2.167884349E1,1.720104980E1,0.000000000E0,0.000000000E0,2.742344279E-2,3.790092468E0,2.500000000E0,3.400000000E1
2.645210723E1,2.869235049E1,1.158795261E2,2.142144696E1,1.694366455E1,0.000000000E0,0.000000000E0,2.756829838E-2,3.790092468E0,2.500000000E0,3.400000000E1
2.745355780E1,2.869234976E1,1.158795273E2,2.112749590E1,1.664971924E1,0.000000000E0,0.000000000E0,2.783866129E-2,3.790092468E0,2.520476341E0,3.500000000E1
2.845935796E1,2.869235081E1,1.158795298E2,2.143077495E1,1.695300293E1,2.500000000E-1,2.539999962E1,2.822835766E-2,3.790092468E0,2.500000000E0,3.500000000E1
2.945452775E1,2.869235370E1,1.158795321E2,2.209422830E1,1.761645508E1,3.600000143E-1,2.039999962E1,2.865039001E-2,3.790092468E0,2.500000000E0,3.500000000E1
3.045218879E1,2.869235747E1,1.158795326E2,2.256085105E1,1.808306885E1,5.899999738E-1,5.300000191E0,2.903672593E-2,3.790092468E0,2.500000000E0,3.600000000E1
3.145148077E1,2.869236080E1,1.158795337E2,2.316571529E1,1.868792725E1,2.899999917E-1,3.596000061E2,2.933157244E-2,3.790092468E0,2.500000000E0,3.600000000E1
3.245149238E1,2.869235939E1,1.158795312E2,2.290210827E1,1.842431641E1,0.000000000E0,0.000000000E0,2.949120465E-2,3.790092468E0,2.500000000E0,3.600000000E1
3.344600108E1,2.869235905E1,1.158795296E2,2.290266145E1,1.842486572E1,0.000000000E0,0.000000000E0,2.977351470E-2,3.790092468E0,2.500000000E0,3.600000000E1
3.444751988E1,2.869236073E1,1.158795274E2,2.261226741E1,1.813446045E1,0.000000000E0,0.000000000E0,3.011820177E-2,3.790092468E0,2.500000000E0,3.600000000E1
3.546200270E1,2.869236352E1,1.158795259E2,2.254794877E1,1.807012939E1,2.599999905E-1,1.380000019E1,3.060651363E-2,3.790092468E0,2.500000000E0,3.600000000E1
3.645257738E1,2.869236683E1,1.158795226E2,2.299486733E1,1.851702881E1,5.400000215E-1,3.502000122E2,3.143626315E-2,3.790092468E0,2.500000000E0,3.400000000E1
3.745929915E1,2.869237247E1,1.158795170E2,2.286452876E1,1.838665771E1,9.300000072E-1,3.322999878E2,3.279445051E-2,3.790092468E0,2.500000000E0,3.400000000E1
3.844994051E1,2.869238067E1,1.158795067E2,2.321474146E1,1.873681641E1,1.269999981E0,3.102000122E2,3.454274715E-2,3.790092468E0,2.500000000E0,3.400000000E1
3.944796743E1,2.869238903E1,1.158794915E2,2.295052837E1,1.847253418E1,1.340000033E0,2.891000061E2,3.596943358E-2,3.790092468E0,2.500000000E0,3.400000000E1
4.044876087E1,2.869239196E1,1.158794773E2,2.188978856E1,1.741174316E1,1.120000005E0,2.695000000E2,3.677199232E-2,3.790092468E0,2.500000000E0,3.400000000E1
4.144985176E1,2.869239361E1,1.158794693E2,2.189091599E1,1.741284180E1,0.000000000E0,0.000000000E0,3.705960557E-2,3.790092468E0,2.500000000E0,3.400000000E1
4.245268613E1,2.869239103E1,1.158794695E2,2.170676512E1,1.722869873E1,0.000000000E0,0.000000000E0,3.731840836E-2,3.790092468E0,2.500000000E0,3.500000000E1
4.345037045E1,2.869238918E1,1.158794711E2,2.151583714E1,1.703778076E1,2.700000107E-1,1.536000061E2,3.759612087E-2,3.790092468E0,2.500000000E0,3.500000000E1
4.445444686E1,2.869238777E1,1.158794734E2,2.154237640E1,1.706433105E1,2.700000107E-1,1.453000031E2,3.830061546E-2,3.790092468E0,2.500000000E0,3.500000000E1
4.545347931E1,2.869238727E1,1.158794662E2,2.146616387E1,1.698809814E1,0.000000000E0,0.000000000E0,3.870032594E-2,3.790092468E0,2.500000000E0,3.500000000E1
4.645369144E1,2.869238369E1,1.158794666E2,2.171059859E1,1.723254395E1,3.899999857E-1,1.403999939E2,3.961106500E-2,3.790092468E0,2.500000000E0,3.500000000E1
4.744965780E1,2.869238048E1,1.158794580E2,2.239231729E1,1.791424561E1,1.379999995E0,2.510000000E2,4.119989134E-2,3.790092468E0,2.500000000E0,3.500000000E1
4.844976842E1,2.869237418E1,1.158794434E2,2.251667258E1,1.803857422E1,1.850000024E0,2.350000000E2,4.284689556E-2,3.790092468E0,2.500000000E0,3.500000000E1
4.945486279E1,2.869236308E1,1.158794322E2,2.234504465E1,1.786694336E1,1.750000000E0,2.213000031E2,4.501584990E-2,3.790092468E0,2.500000000E0,3.500000000E1
5.045099852E1,2.869234638E1,1.158794207E2,2.210919309E1,1.763110352E1,2.390000105E0,2.081999969E2,4.851193667E-2,3.790092468E0,2.500000000E0,3.500000000E1
5.144869295E1,2.869231733E1,1.158794070E2,2.217317962E1,1.769512939E1,3.440000057E0,2.045000000E2,5.285474439E-2,3.790092468E0,2.500000000E0,3.500000000E1
5.244796727E1,2.869228119E1,1.158793901E2,2.269961939E1,1.822161865E1,4.309999943E0,2.058999939E2,5.853408648E-2,3.790092468E0,2.500000000E0,3.500000000E1
5.345026977E1,2.869223444E1,1.158793667E2,2.257394991E1,1.809600830E1,5.119999886E0,2.051999969E2,6.438957446E-2,3.790092468E0,2.500000000E0,3.500000000E1
5.444930389E1,2.869218652E1,1.158793418E2,2.258622097E1,1.810833740E1,5.780000210E0,2.055000000E2,7.083926336E-2,3.790092468E0,2.500000000E0,3.500000000E1
5.544638946E1,2.869213566E1,1.158793100E2,2.241723031E1,1.793939209E1,6.400000095E0,2.055000000E2,7.831858760E-2,3.790092468E0,2.500000000E0,3.500000000E1
5.645369607E1,2.869207653E1,1.158792734E2,2.198797712E1,1.751019287E1,7.079999924E0,2.066999969E2,8.556343596E-2,3.790092468E0,2.500000000E0,3.500000000E1
5.744998487E1,2.869201735E1,1.158792424E2,2.156413936E1,1.708642578E1,7.510000229E0,2.075000000E2,9.291905798E-2,3.790092468E0,2.500000000E0,3.500000000E1
5.845308081E1,2.869195931E1,1.158792062E2,2.198230019E1,1.750463867E1,7.539999962E0,2.183000031E2,1.012435773E-1,3.790092468E0,2.500000000E0,3.500000000E1
5.944914571E1,2.869189117E1,1.158791708E2,2.199607251E1,1.751849365E1,8.529999733E0,2.055000000E2,1.099837756E-1,3.790092468E0,2.500000000E0,3.500000000E1
6.044711253E1,2.869182220E1,1.158791279E2,2.193070299E1,1.745318604E1,8.869999886E0,2.090000000E2,1.186052198E-1,3.790092468E0,2.500000000E0,3.500000000E1
6.145228925E1,2.869175745E1,1.158790792E2,2.242658052E1,1.794909668E1,8.590000153E0,2.111000061E2,1.280768847E-1,3.790092468E0,2.500000000E0,3.500000000E1
6.245021123E1,2.869168325E1,1.158790316E2,2.178833471E1,1.731091309E1,9.020000458E0,2.121999969E2,1.364954382E-1,3.790092468E0,2.500000000E0,3.500000000E1
6.345422550E1,2.869161787E1,1.158789880E2,2.213941967E1,1.766204834E1,9.300000191E0,2.133999939E2,1.463861591E-1,3.790092468E0,2.500000000E0,3.500000000E1
6.446049414E1,2.869154226E1,1.158789346E2,2.248830881E1,1.801098633E1,9.810000420E0,2.120000000E2,1.564658342E-1,3.790092468E0,2.500000000E0,3.400000000E1
6.545048211E1,2.869146413E1,1.158788822E2,2.241348183E1,1.793621826E1,9.949999809E0,2.121000061E2,1.667348332E-1,3.790092468E0,2.500000000E0,3.400000000E1
6.644691336E1,2.869138479E1,1.158788284E2,2.210031367E1,1.762310791E1,1.023999977E1,2.121999969E2,1.771175408E-1,3.790092468E0,2.500000000E0,3.400000000E1
6.744907977E1,2.869130591E1,1.158787714E2,2.176396273E1,1.728680420E1,1.039000034E1,2.118000031E2,1.875411675E-1,3.790092468E0,2.500000000E0,3.400000000E1
6.845027680E1,2.869122649E1,1.158787146E2,2.130950670E1,1.683239746E1,1.057999992E1,2.108000031E2,1.985313924E-1,3.790092468E0,2.500000000E0,3.500000000E1
6.945101779E1,2.869113997E1,1.158786602E2,2.075620804E1,1.627917480E1,1.073999977E1,2.086000061E2,2.093641463E-1,3.790092468E0,2.500000000E0,3.500000000E1
7.044772268E1,2.869105407E1,1.158786078E2,2.056624710E1,1.608929443E1,1.088000011E1,2.093999939E2,2.205105563E-1,3.790092468E0,2.500000000E0,3.500000000E1
7.145351555E1,2.869096553E1,1.158785542E2,2.043176336E1,1.595489502E1,1.102000046E1,2.080000000E2,2.315329376E-1,3.790092468E0,2.500000000E0,3.600000000E1
7.245405956E1,2.869087710E1,1.158785031E2,2.033633482E1,1.585955811E1,1.109000015E1,2.076999969E2,2.427842860E-1,3.790092468E0,2.500000000E0,3.600000000E1
7.345032487E1,2.869078608E1,1.158784527E2,2.009905134E1,1.562237549E1,1.114000034E1,2.068000031E2,2.539818346E-1,3.790092468E0,2.500000000E0,3.600000000E1
7.444930450E1,2.869069684E1,1.158783995E2,2.026235500E1,1.578576660E1,1.117000008E1,2.071999969E2,2.654014551E-1,3.790092468E0,2.500000000E0,3.700000000E1
7.545789612E1,2.869060560E1,1.158783458E2,2.005297409E1,1.557647705E1,1.127999973E1,2.058999939E2,2.773031256E-1,3.790092468E0,2.500000000E0,3.700000000E1
7.644772112E1,2.869051019E1,1.158782905E2,1.952205310E1,1.504565430E1,1.150000000E1,2.056000061E2,2.892473115E-1,3.790092468E0,2.500000000E0,3.700000000E1
7.745203716E1,2.869041383E1,1.158782364E2,1.892441443E1,1.444812012E1,1.164999962E1,2.063000031E2,3.012720373E-1,3.790092468E0,2.500000000E0,3.700000000E1
7.844860601E1,2.869031763E1,1.158781801E2,1.870642154E1,1.423022461E1,1.189000034E1,2.076999969E2,3.134370152E-1,3.790092468E0,2.500000000E0,3.600000000E1
7.944987981E1,2.869022208E1,1.158781193E2,1.866221092E1,1.418609619E1,1.218000031E1,2.066000061E2,3.259748257E-1,3.790092468E0,2.500000000E0,3.600000000E1
8.045657372E1,2.869012151E1,1.158780612E2,1.845239004E1,1.397637939E1,1.246000004E1,2.060000000E2,3.384290161E-1,3.790092468E0,2.500000000E0,3.600000000E1
8.145274341E1,2.869002149E1,1.158780038E2,1.860884066E1,1.413293457E1,1.250000000E1,2.051000061E2,3.515394426E-1,3.790092468E0,2.500000000E0,3.600000000E1
8.245080325E1,2.868991572E1,1.158779444E2,1.847225134E1,1.399645996E1,1.290999985E1,2.053000031E2,3.650570471E-1,3.790092468E0,2.500000000E0,3.600000000E1
8.345364445E1,2.868980605E1,1.158778846E2,1.831477835E1,1.383911133E1,1.311999989E1,2.060000000E2,3.782979163E-1,3.790092468E0,2.500000000E0,3.600000000E1
8.445434507E1,2.868969891E1,1.158778253E2,1.804677606E1,1.357122803E1,1.318000031E1,2.045000000E2,3.917705989E-1,3.790092468E0,2.500000000E0,3.600000000E1
8.545077637E1,2.868958916E1,1.158777668E2,1.821125945E1,1.373583984E1,1.314999962E1,2.048999939E2,4.052592487E-1,3.790092468E0,2.500000000E0,3.600000000E1
8.645008466E1,2.868947793E1,1.158777116E2,1.844707872E1,1.397180176E1,1.323999977E1,2.036999969E2,4.183314120E-1,3.790092468E0,2.500000000E0,3.600000000E1
8.745019085E1,2.868936936E1,1.158776602E2,1.863406584E1,1.415893555E1,1.303999996E1,2.018999939E2,4.313922410E-1,3.790092468E0,2.500000000E0,3.600000000E1
8.844765892E1,2.868925984E1,1.158776118E2,1.895428096E1,1.447930908E1,1.303999996E1,2.003000031E2,4.438532827E-1,3.790092468E0,2.500000000E0,3.600000000E1
8.945194768E1,2.868915428E1,1.158775690E2,1.880134594E1,1.432653809E1,1.272999954E1,1.996000061E2,4.565007410E-1,3.881365776E0,2.627053976E0,3.400000000E1
9.045217424E1,2.868904705E1,1.158775257E2,1.904806554E1,1.457342529E1,1.252999973E1,1.968999939E2,4.683838788E-1,3.790092468E0,2.674776793E0,3.200000000E1
9.144900231E1,2.868894432E1,1.158774922E2,1.966342077E1,1.518896484E1,1.210999966E1,1.968000031E2,4.797917585E-1,3.790092468E0,2.628639460E0,3.100000000E1
9.244991705E1,2.868884657E1,1.158774566E2,1.947368096E1,1.499938965E1,1.165999985E1,1.953999939E2,4.908850441E-1,3.790092468E0,2.509763479E0,3.200000000E1
9.344968663E1,2.868875006E1,1.158774278E2,1.995860698E1,1.548449707E1,1.107999992E1,1.940000000E2,5.010203363E-1,3.790092468E0,2.500000000E0,3.200000000E1
9.445336304E1,2.868866232E1,1.158773997E2,2.008723215E1,1.561328125E1,1.002999973E1,1.916999969E2,5.100108497E-1,3.790092468E0,2.500000000E0,3.100000000E1
9.545062215E1,2.868858354E1,1.158773789E2,2.054795214E1,1.607415771E1,8.989999771E0,1.923000031E2,5.186117507E-1,3.790092468E0,2.500000000E0,3.100000000E1
9.645381908E1,2.868850799E1,1.158773600E2,2.058173467E1,1.610809326E1,8.399999619E0,1.911999969E2,5.267257151E-1,3.790092468E0,2.526520967E0,3.000000000E1
9.745279439E1,2.868843676E1,1.158773420E2,2.080693289E1,1.633343506E1,7.980000019E0,1.925000000E2,5.348391385E-1,3.790092468E0,2.691892624E0,2.900000000E1
9.845350595E1,2.868836564E1,1.158773234E2,2.083810226E1,1.636474609E1,8.029999733E0,1.923000031E2,5.428855107E-1,3.790092468E0,2.728065491E0,2.900000000E1
9.944883293E1,2.868829460E1,1.158773077E2,2.084491009E1,1.637170410E1,7.980000019E0,1.918999939E2,5.505900238E-1,3.790092468E0,2.895421505E0,2.800000000E1
1.004497453E2,2.868822675E1,1.158772917E2,2.060093427E1,1.612786865E1,7.929999828E0,1.918999939E2,5.591494884E-1,3.861664772E0,3.280766010E0,2.800000000E1
1.014481321E2,2.868815287E1,1.158772670E2,2.015597899E1,1.568304443E1,8.210000038E0,1.923999939E2,5.686105051E-1,4.043180943E0,3.614751816E0,2.800000000E1
1.024517729E2,2.868807034E1,1.158772434E2,2.050927528E1,1.603649902E1,9.239999771E0,1.923999939E2,5.781369319E-1,3.790092468E0,3.405006647E0,2.800000000E1
1.034507537E2,2.868798713E1,1.158772202E2,2.024763945E1,1.577502441E1,9.859999657E0,1.931000061E2,5.888513151E-1,3.790092468E0,3.392544031E0,2.800000000E1
1.044530356E2,2.868789266E1,1.158771986E2,1.977063536E1,1.529821777E1,1.031999969E1,1.923000031E2,5.998584492E-1,3.790092468E0,3.367767334E0,2.600000000E1
1.054522570E2,2.868779649E1,1.158771718E2,1.927441592E1,1.480218506E1,1.085999966E1,1.931000061E2,6.114261281E-1,3.790092468E0,3.431046724E0,2.700000000E1
1.064520209E2,2.868769545E1,1.158771436E2,1.924107805E1,1.476904297E1,1.131999969E1,1.936000061E2,6.237044317E-1,3.790092468E0,3.381972075E0,2.700000000E1
1.074481639E2,2.868758770E1,1.158771161E2,1.865565638E1,1.418383789E1,1.178999996E1,1.926999969E2,6.359429045E-1,3.790092468E0,3.364897490E0,2.800000000E1
1.084498843E2,2.868747945E1,1.158770934E2,1.769766010E1,1.322607422E1,1.177000046E1,1.920000000E2,6.476784464E-1,3.790092468E0,3.339609146E0,2.600000000E1
1.094548566E2,2.868737649E1,1.158770670E2,1.745312984E1,1.298175049E1,1.168999958E1,1.910000000E2,6.587937525E-1,3.790092468E0,3.226687670E0,2.700000000E1
1.104537799E2,2.868727877E1,1.158770430E2,1.679063803E1,1.231945801E1,1.072000027E1,1.903999939E2,6.684183541E-1,3.790092468E0,3.194708109E0,2.800000000E1
1.114459274E2,2.868719398E1,1.158770231E2,1.651446109E1,1.204345703E1,9.510000229E0,1.900000000E2,6.767485672E-1,3.790092468E0,3.150532246E0,2.700000000E1
1.124526267E2,2.868712043E1,1.158770069E2,1.602123301E1,1.155038452E1,8.250000000E0,1.900000000E2,6.838008154E-1,3.790092468E0,3.088274479E0,2.600000000E1
1.134470017E2,2.868705788E1,1.158769949E2,1.588874037E1,1.141802979E1,6.980000019E0,1.888000031E2,6.897395325E-1,3.790092468E0,3.062178135E0,2.700000000E1
1.144470605E2,2.868700510E1,1.158769856E2,1.594861923E1,1.147802734E1,5.780000210E0,1.876000061E2,6.942264422E-1,3.790092468E0,3.033424139E0,2.600000000E1
1.154491786E2,2.868696477E1,1.158769841E2,1.613210534E1,1.166162109E1,4.570000172E0,1.861999969E2,6.976311966E-1,3.790092468E0,3.047255754E0,2.600000000E1
1.164502871E2,2.868693460E1,1.158769782E2,1.574837243E1,1.127795410E1,3.319999933E0,1.848999939E2,6.998081013E-1,3.790092468E0,3.064337254E0,2.700000000E1
1.174496208E2,2.868691504E1,1.158769791E2,1.576311620E1,1.129275513E1,2.329999924E0,1.840000000E2,7.013570477E-1,3.790092468E0,2.981459618E0,2.700000000E1
1.184595445E2,2.868690118E1,1.158769807E2,1.569889437E1,1.122857666E1,1.480000019E0,1.831000061E2,7.028223717E-1,3.790092468E0,2.996837854E0,2.800000000E1
1.194462138E2,2.868688832E1,1.158769840E2,1.592571636E1,1.145544434E1,1.330000043E0,1.823000031E2,7.042427686E-1,3.790092468E0,3.003152132E0,3.000000000E1
1.204502727E2,2.868687556E1,1.158769846E2,1.611256846E1,1.164233398E1,1.240000010E0,1.821999969E2,7.054217322E-1,3.790092468E0,2.962279558E0,3.000000000E1
1.214511942E2,2.868686498E1,1.158769854E2,1.657805177E1,1.210784912E1,1.029999971E0,1.828000031E2,7.060810430E-1,3.790092468E0,2.946458817E0,3.000000000E1
1.224492764E2,2.868685910E1,1.158769863E2,1.651425105E1,1.204406738E1,5.600000024E-1,1.828000031E2,7.063269316E-1,3.790092468E0,2.922468901E0,2.800000000E1
1.234455644E2,2.868686070E1,1.158769880E2,1.640661474E1,1.193643188E1,0.000000000E0,0.000000000E0,7.065627940E-1,3.910039902E0,4.305192947E0,2.900000000E1
1.244459993E2,2.868686282E1,1.158769880E2,1.625433817E1,1.178414917E1,0.000000000E0,0.000000000E0,7.068093871E-1,4.030916214E0,4.476194382E0,3.000000000E1
1.254477432E2,2.868686503E1,1.158769878E2,1.603168870E1,1.156149292E1,0.000000000E0,0.000000000E0,7.070921169E-1,4.203215122E0,4.699872494E0,3.000000000E1
1.264549810E2,2.868686741E1,1.158769867E2,1.612084025E1,1.165063477E1,0.000000000E0,0.000000000E0,7.073305971E-1,4.365727425E0,4.838804245E0,3.000000000E1
1.274550987E2,2.868686953E1,1.158769864E2,1.616613535E1,1.169592285E1,0.000000000E0,0.000000000E0,7.074886191E-1,4.313126564E0,4.765788078E0,3.000000000E1
1.284585518E2,2.868686817E1,1.158769859E2,1.619903094E1,1.172882080E1,2.099999934E-1,1.828000031E2,7.076271662E-1,4.131601334E0,4.558547974E0,3.000000000E1
1.294515872E2,2.868686763E1,1.158769846E2,1.599389414E1,1.152368164E1,0.000000000E0,0.000000000E0,7.082187068E-1,4.013927460E0,4.346878529E0,3.100000000E1
1.304489730E2,2.868687074E1,1.158769797E2,1.603063031E1,1.156039429E1,0.000000000E0,0.000000000E0,7.082817442E-1,4.207492352E0,4.590626717E0,3.000000000E1
1.314478954E2,2.868687049E1,1.158769791E2,1.608595973E1,1.161572266E1,0.000000000E0,0.000000000E0,7.089655666E-1,4.178729057E0,4.553764343E0,3.000000000E1
1.324528807E2,2.868686439E1,1.158769800E2,1.648401136E1,1.201379395E1,4.900000095E-1,1.828000031E2,7.101276344E-1,4.001965046E0,4.270034313E0,3.000000000E1
1.334484659E2,2.868685404E1,1.158769817E2,1.662063530E1,1.215045166E1,1.019999981E0,1.831999969E2,7.122369712E-1,3.920396328E0,4.217243195E0,3.000000000E1
1.344489483E2,2.868683510E1,1.158769829E2,1.648825473E1,1.201812744E1,1.899999976E0,1.825000000E2,7.152559292E-1,3.817238331E0,4.086161137E0,3.000000000E1
1.354467729E2,2.868680795E1,1.158769828E2,1.686183673E1,1.239178467E1,2.779999971E0,1.826000061E2,7.187608447E-1,3.790092468E0,3.749118090E0,3.000000000E1
1.364501878E2,2.868677647E1,1.158769810E2,1.723687673E1,1.276690674E1,3.299999952E0,1.843999939E2,7.228043349E-1,3.790092468E0,3.528337717E0,3.100000000E1
1.374501144E2,2.868674028E1,1.158769769E2,1.696457149E1,1.249468994E1,3.829999924E0,1.858000031E2,7.270825472E-1,3.790092468E0,3.551223516E0,3.100000000E1
1.384539859E2,2.868670206E1,1.158769719E2,1.739984416E1,1.293005371E1,4.070000172E0,1.873000031E2,7.312295955E-1,3.790092468E0,3.519051790E0,3.100000000E1
1.394520228E2,2.868666521E1,1.158769653E2,1.758341622E1,1.311370850E1,3.839999914E0,1.876999969E2,7.348283872E-1,3.790092468E0,3.584618807E0,3.200000000E1
1.404495437E2,2.868663344E1,1.158769583E2,1.838272655E1,1.391308594E1,3.539999962E0,1.880000000E2,7.380987879E-1,3.790092468E0,3.491046906E0,3.100000000E1
1.414551341E2,2.868660478E1,1.158769507E2,1.971067250E1,1.524108887E1,3.220000029E0,1.885000000E2,7.404887995E-1,3.790092468E0,3.642010212E0,3.100000000E1
1.424544331E2,2.868658367E1,1.158769461E2,1.922301784E1,1.475347900E1,2.369999886E0,1.888999939E2,7.420788142E-1,3.790092468E0,3.554529428E0,3.000000000E1
1.434530976E2,2.868656971E1,1.158769426E2,1.927035295E1,1.480084229E1,1.710000038E0,1.893000031E2,7.433171873E-1,3.790092468E0,3.341737032E0,3.100000000E1
1.444497697E2,2.868655864E1,1.158769412E2,1.935589764E1,1.488641357E1,1.470000029E0,1.890000000E2,7.443694440E-1,3.790092468E0,3.207793951E0,3.100000000E1
1.454486292E2,2.868654927E1,1.158769397E2,1.909153288E1,1.462207031E1,1.230000019E0,1.893999939E2,7.450736162E-1,3.790092468E0,3.132534742E0,3.100000000E1
1.464472366E2,2.868654299E1,1.158769388E2,1.906393033E1,1.459448242E1,8.500000238E-1,1.891999969E2,7.453306977E-1,3.790092468E0,2.986283302E0,3.000000000E1
1.474471395E2,2.868654072E1,1.158769383E2,1.911171605E1,1.464227295E1,3.300000131E-1,1.886999969E2,7.456849095E-1,3.790092468E0,2.970883131E0,3.000000000E1
1.484485366E2,2.868654344E1,1.158769402E2,1.916860267E1,1.469915771E1,0.000000000E0,0.000000000E0,7.458915256E-1,3.790092468E0,3.999150276E0,2.900000000E1
1.494497528E2,2.868654394E1,1.158769381E2,1.886160339E1,1.439215088E1,0.000000000E0,0.000000000E0,7.461371406E-1,3.790092468E0,4.069938660E0,2.900000000E1
1.504510384E2,2.868654503E1,1.158769359E2,1.836472583E1,1.389526367E1,0.000000000E0,0.000000000E0,7.463904527E-1,3.798679590E0,4.151333332E0,2.700000000E1
1.514461412E2,2.868654590E1,1.158769335E2,1.816508951E1,1.369561768E1,0.000000000E0,0.000000000E0,7.466544994E-1,3.790789127E0,4.155206203E0,2.800000000E1
1.524494769E2,2.868654634E1,1.158769309E2,1.820080434E1,1.373132324E1,0.000000000E0,0.000000000E0,7.467871816E-1,3.790092468E0,4.177744389E0,2.900000000E1
1.534538578E2,2.868654636E1,1.158769295E2,1.810492227E1,1.363543701E1,0.000000000E0,0.000000000E0,7.468051462E-1,3.806218624E0,4.214312077E0,2.900000000E1
1.544524817E2,2.868654628E1,1.158769297E2,1.800873016E1,1.353924561E1,0.000000000E0,0.000000000E0,7.468422806E-1,3.804078341E0,4.218178749E0,2.900000000E1
1.554471183E2,2.868654626E1,1.158769293E2,1.774878252E1,1.327929688E1,0.000000000E0,0.000000000E0,7.468971180E-1,3.802232742E0,4.222011089E0,2.900000000E1
1.564530754E2,2.868654581E1,1.158769295E2,1.769079717E1,1.322131348E1,0.000000000E0,0.000000000E0,7.469378636E-1,3.814794779E0,4.259500504E0,2.900000000E1
1.574509851E2,2.868654561E1,1.158769299E2,1.746112027E1,1.299163818E1,0.000000000E0,0.000000000E0,7.469974086E-1,3.808982849E0,4.256072044E0,3.000000000E1
1.584500940E2,2.868654563E1,1.158769305E2,1.731255891E1,1.284307861E1,0.000000000E0,0.000000000E0,7.470152833E-1,3.790092468E0,4.052489758E0,2.900000000E1
1.594486507E2,2.868654557E1,1.158769306E2,1.729949671E1,1.283001709E1,0.000000000E0,0.000000000E0,7.470233078E-1,3.790092468E0,3.932721138E0,2.900000000E1
1.604537523E2,2.868654550E1,1.158769306E2,1.728393261E1,1.281445312E1,0.000000000E0,0.000000000E0,7.470431404E-1,3.790092468E0,3.699565172E0,2.900000000E1
1.614533178E2,2.868654535E1,1.158769307E2,1.732220090E1,1.285272217E1,0.000000000E0,0.000000000E0,7.470767828E-1,3.790092468E0,3.835499763E0,2.900000000E1
1.624510799E2,2.868654511E1,1.158769310E2,1.738897206E1,1.291949463E1,0.000000000E0,0.000000000E0,7.471004496E-1,3.790092468E0,3.768231869E0,3.000000000E1
1.634480098E2,2.868654495E1,1.158769311E2,1.743834857E1,1.296887207E1,0.000000000E0,0.000000000E0,7.471276294E-1,9.935046196E0,3.740511179E0,3.000000000E1
1.644545365E2,2.868654480E1,1.158769313E2,1.747264925E1,1.300317383E1,0.000000000E0,0.000000000E0,7.471563926E-1,9.935046196E0,3.621585369E0,3.100000000E1
1.654519027E2,2.868654456E1,1.158769314E2,1.753514825E1,1.306567383E1,0.000000000E0,0.000000000E0,7.471916144E-1,9.935046196E0,3.603690386E0,3.100000000E1
1.664516587E2,2.868654436E1,1.158769317E2,1.757042516E1,1.310095215E1,0.000000000E0,0.000000000E0,7.472165484E-1,9.935046196E0,3.632059813E0,3.100000000E1
1.674490654E2,2.868654421E1,1.158769319E2,1.760246763E1,1.313299561E1,0.000000000E0,0.000000000E0,7.472451821E-1,9.935046196E0,3.819089413E0,3.100000000E1
1.684511754E2,2.868654405E1,1.158769321E2,1.764812079E1,1.317864990E1,0.000000000E0,0.000000000E0,7.472672353E-1,9.935046196E0,3.909790754E0,3.200000000E1
1.694486926E2,2.868654393E1,1.158769323E2,1.768968485E1,1.322021484E1,0.000000000E0,0.000000000E0,7.472870646E-1,9.935046196E0,3.960710287E0,3.200000000E1
1.704517159E2,2.868654382E1,1.158769325E2,1.771702781E1,1.324755859E1,0.000000000E0,0.000000000E0,7.473100998E-1,9.935046196E0,3.961786270E0,3.100000000E1
1.714482661E2,2.868654366E1,1.158769326E2,1.776390191E1,1.329443359E1,0.000000000E0,0.000000000E0,7.473358286E-1,9.935046196E0,3.975910425E0,3.100000000E1
1.724506200E2,2.868654352E1,1.158769328E2,1.779643263E1,1.332696533E1,0.000000000E0,0.000000000E0,7.473652329E-1,9.935046196E0,3.979753256E0,3.100000000E1
1.734472330E2,2.868654336E1,1.158769331E2,1.784239093E1,1.337292480E1,0.000000000E0,0.000000000E0,7.473918537E-1,9.935046196E0,3.856585026E0,3.000000000E1
1.744511360E2,2.868654316E1,1.158769332E2,1.790196023E1,1.343249512E1,0.000000000E0,0.000000000E0,7.474160579E-1,9.935046196E0,3.854597330E0,3.100000000E1
1.754492817E2,2.868654302E1,1.158769334E2,1.793058476E1,1.346112061E1,0.000000000E0,0.000000000E0,7.474395236E-1,9.935046196E0,3.798193455E0,3.100000000E1
1.764505131E2,2.868654288E1,1.158769336E2,1.797135531E1,1.350189209E1,0.000000000E0,0.000000000E0,7.474597515E-1,9.935046196E0,3.743505478E0,3.100000000E1
1.774465898E2,2.868654270E1,1.158769336E2,1.803171849E1,1.356225586E1,0.000000000E0,0.000000000E0,7.474817954E-1,9.935046196E0,3.732295513E0,3.100000000E1
1.784497670E2,2.868654256E1,1.158769338E2,1.806107552E1,1.359161377E1,0.000000000E0,0.000000000E0,7.474898680E-1,9.935046196E0,3.756991148E0,3.200000000E1
1.794482596E2,2.868654251E1,1.158769338E2,1.806028175E1,1.359082031E1,0.000000000E0,0.000000000E0,7.474933435E-1,9.935046196E0,3.801892281E0,3.200000000E1
1.804516636E2,2.868654248E1,1.158769339E2,1.806174648E1,1.359228516E1,0.000000000E0,0.000000000E0,7.474977913E-1,9.935046196E0,3.757779837E0,3.200000000E1
1.814464530E2,2.868654244E1,1.158769339E2,1.806528640E1,1.359582520E1,0.000000000E0,0.000000000E0,7.475088133E-1,9.935046196E0,3.710860729E0,3.200000000E1
1.824500053E2,2.868654237E1,1.158769339E2,1.808017855E1,1.361071777E1,0.000000000E0,0.000000000E0,7.475334337E-1,9.935046196E0,3.745612621E0,3.200000000E1
1.834467564E2,2.868654216E1,1.158769340E2,1.813547557E1,1.366601562E1,0.000000000E0,0.000000000E0,7.475520342E-1,9.935046196E0,3.875902891E0,3.100000000E1
1.844497109E2,2.868654203E1,1.158769341E2,1.815933959E1,1.368988037E1,0.000000000E0,0.000000000E0,7.475721128E-1,9.935046196E0,3.978166342E0,3.100000000E1
1.854458746E2,2.868654189E1,1.158769343E2,1.819571576E1,1.372625732E1,0.000000000E0,0.000000000E0,7.475892353E-1,9.935046196E0,4.019851685E0,3.000000000E1
1.864553771E2,2.868654177E1,1.158769344E2,1.822037330E1,1.375091553E1,0.000000000E0,0.000000000E0,7.476097692E-1,9.935046196E0,3.945999622E0,3.000000000E1
1.874465172E2,2.868654165E1,1.158769345E2,1.824448137E1,1.377502441E1,0.000000000E0,0.000000000E0,7.476207911E-1,9.935046196E0,3.965224981E0,3.000000000E1
1.884544684E2,2.868654158E1,1.158769346E2,1.825351414E1,1.378405762E1,0.000000000E0,0.000000000E0,7.476354638E-1,9.935046196E0,3.901298761E0,3.000000000E1
1.894472515E2,2.868654149E1,1.158769347E2,1.827273963E1,1.380328369E1,0.000000000E0,0.000000000E0,7.476389393E-1,9.935046196E0,3.793934822E0,3.000000000E1
1.904498520E2,2.868654146E1,1.158769347E2,1.828940217E1,1.381994629E1,0.000000000E0,0.000000000E0,7.476458904E-1,9.935046196E0,3.686758995E0,3.100000000E1
1.914471219E2,2.868654152E1,1.158769347E2,1.827444867E1,1.380499268E1,0.000000000E0,0.000000000E0,7.476499477E-1,9.935046196E0,3.659085035E0,3.100000000E1
1.924505061E2,2.868654151E1,1.158769348E2,1.828342069E1,1.381396484E1,0.000000000E0,0.000000000E0,7.476615410E-1,9.935046196E0,3.787507772E0,3.100000000E1
1.934481832E2,2.868654142E1,1.158769348E2,1.833639877E1,1.386694336E1,0.000000000E0,0.000000000E0,7.476660322E-1,9.935046196E0,3.678806305E0,3.100000000E1
1.944479820E2,2.868654140E1,1.158769349E2,1.835251187E1,1.388305664E1,0.000000000E0,0.000000000E0,7.476660322E-1,9.935046196E0,3.749876499E0,3.200000000E1
1.954502134E2,2.868654140E1,1.158769349E2,1.837063932E1,1.390118408E1,0.000000000E0,0.000000000E0,7.476727689E-1,9.935046196E0,3.801311970E0,3.200000000E1
1.964505353E2,2.868654143E1,1.158769348E2,1.838791253E1,1.391845703E1,0.000000000E0,0.000000000E0,7.476795056E-1,9.935046196E0,3.605327368E0,3.200000000E1
1.974458245E2,2.868654146E1,1.158769348E2,1.839761738E1,1.392816162E1,0.000000000E0,0.000000000E0,7.476875781E-1,9.935046196E0,3.508711815E0,3.200000000E1
1.984510178E2,2.868654151E1,1.158769347E2,1.840701712E1,1.393756104E1,0.000000000E0,0.000000000E0,7.476949292E-1,9.935046196E0,3.406272888E0,3.200000000E1
1.994449146E2,2.868654155E1,1.158769346E2,1.841659993E1,1.394714355E1,0.000000000E0,0.000000000E0,7.477022803E-1,9.935046196E0,3.371613026E0,3.200000000E1
2.004526844E2,2.868654159E1,1.158769346E2,1.842520618E1,1.395574951E1,0.000000000E0,0.000000000E0,7.477045258E-1,9.935046196E0,3.401653767E0,3.000000000E1
2.014478734E2,2.868654160E1,1.158769346E2,1.844400510E1,1.397454834E1,0.000000000E0,0.000000000E0,7.477067714E-1,9.935046196E0,3.551782608E0,3.000000000E1
2.024481827E2,2.868654161E1,1.158769345E2,1.846207159E1,1.399261475E1,0.000000000E0,0.000000000E0,7.477067714E-1,9.935046196E0,3.665763140E0,3.000000000E1
2.034490610E2,2.868654161E1,1.158769345E2,1.848428839E1,1.401483154E1,0.000000000E0,0.000000000E0,7.477091998E-1,9.935046196E0,3.856602192E0,3.000000000E1
2.044512163E2,2.868654163E1,1.158769345E2,1.849832656E1,1.402886963E1,0.000000000E0,0.000000000E0,7.477114454E-1,9.935046196E0,3.853991508E0,3.000000000E1
2.054472209E2,2.868654162E1,1.158769346E2,1.852805059E1,1.405859375E1,0.000000000E0,0.000000000E0,7.477153099E-1,9.935046196E0,3.846447706E0,2.900000000E1
2.064542188E2,2.868654165E1,1.158769345E2,1.853476460E1,1.406530762E1,0.000000000E0,0.000000000E0,7.477164218E-1,9.935046196E0,3.908651590E0,3.100000000E1
2.074511814E2,2.868654166E1,1.158769345E2,1.853354393E1,1.406408691E1,0.000000000E0,0.000000000E0,7.477223385E-1,9.935046196E0,4.022856712E0,3.100000000E1
2.084509298E2,2.868654170E1,1.158769345E2,1.854068527E1,1.407122803E1,0.000000000E0,0.000000000E0,7.477276627E-1,9.935046196E0,4.017217636E0,3.200000000E1
2.094503141E2,2.868654174E1,1.158769345E2,1.854770452E1,1.407824707E1,0.000000000E0,0.000000000E0,7.477305891E-1,9.935046196E0,4.003633976E0,3.200000000E1
2.104489534E2,2.868654174E1,1.158769345E2,1.854739925E1,1.407794189E1,0.000000000E0,0.000000000E0,7.477328346E-1,9.935046196E0,4.073071480E0,3.200000000E1
2.114571251E2,2.868654173E1,1.158769345E2,1.854709399E1,1.407763672E1,0.000000000E0,0.000000000E0,7.477339466E-1,9.935046196E0,4.025220871E0,3.200000000E1
2.124530573E2,2.868654172E1,1.158769345E2,1.854575119E1,1.407629395E1,0.000000000E0,0.000000000E0,7.477350585E-1,9.935046196E0,3.814104795E0,2.900000000E1
2.134484497E2,2.868654173E1,1.158769345E2,1.854392016E1,1.407446289E1,0.000000000E0,0.000000000E0,7.477360340E-1,9.935046196E0,3.907664776E0,3.000000000E1
2.144536368E2,2.868654173E1,1.158769345E2,1.854453054E1,1.407507324E1,0.000000000E0,0.000000000E0,7.477360340E-1,9.935046196E0,3.787150145E0,3.000000000E1
2.154513974E2,2.868654173E1,1.158769345E2,1.854300466E1,1.407354736E1,0.000000000E0,0.000000000E0,7.477404715E-1,9.935046196E0,3.628287554E0,3.000000000E1
2.164557882E2,2.868654176E1,1.158769345E2,1.854800972E1,1.407855225E1,0.000000000E0,0.000000000E0,7.477414470E-1,9.935046196E0,3.458006620E0,3.000000000E1
2.174482608E2,2.868654176E1,1.158769345E2,1.854703319E1,1.407757568E1,0.000000000E0,0.000000000E0,7.477480479E-1,9.935046196E0,3.235041857E0,3.100000000E1
2.184517134E2,2.868654180E1,1.158769344E2,1.855472388E1,1.408526611E1,0.000000000E0,0.000000000E0,7.477495270E-1,9.935046196E0,3.081427336E0,3.100000000E1
2.194469922E2,2.868654179E1,1.158769344E2,1.855368622E1,1.408422852E1,0.000000000E0,0.000000000E0,7.477517509E-1,9.935046196E0,2.921570301E0,3.100000000E1
2.204506537E2,2.868654177E1,1.158769344E2,1.855075648E1,1.408129883E1,0.000000000E0,0.000000000E0,7.477528629E-1,9.935046196E0,2.748879910E0,3.100000000E1
2.214458891E2,2.868654176E1,1.158769344E2,1.854538536E1,1.407592773E1,0.000000000E0,0.000000000E0,7.477539748E-1,9.935046196E0,2.500000000E0,3.100000000E1
2.224478376E2,2.868654175E1,1.158769344E2,1.854269978E1,1.407324219E1,0.000000000E0,0.000000000E0,7.477607671E-1,9.935046196E0,2.560254812E0,3.200000000E1
2.234480556E2,2.868654170E1,1.158769345E2,1.854831476E1,1.407885742E1,0.000000000E0,0.000000000E0,7.477659006E-1,9.935046196E0,3.408475637E0,3.100000000E1
2.244523932E2,2.868654167E1,1.158769345E2,1.855008457E1,1.408062744E1,0.000000000E0,0.000000000E0,7.477791566E-1,9.935046196E0,3.720730782E0,3.200000000E1
2.255389781E2,2.868654160E1,1.158769346E2,1.856717389E1,1.409771729E1,0.000000000E0,0.000000000E0,7.477930946E-1,9.935046196E0,3.707028389E0,3.200000000E1
2.264495397E2,2.868654152E1,1.158769347E2,1.859024463E1,1.412078857E1,0.000000000E0,0.000000000E0,7.478085846E-1,9.935046196E0,3.754834890E0,3.200000000E1
2.274485135E2,2.868654144E1,1.158769348E2,1.861008044E1,1.414062500E1,0.000000000E0,0.000000000E0,7.478167337E-1,9.935046196E0,3.885042906E0,3.300000000E1
2.284541904E2,2.868654140E1,1.158769349E2,1.861563431E1,1.414617920E1,0.000000000E0,0.000000000E0,7.478316131E-1,9.935046196E0,4.022155285E0,3.300000000E1
2.294456594E2,2.868654133E1,1.158769350E2,1.863931537E1,1.416986084E1,0.000000000E0,0.000000000E0,7.478367466E-1,9.935046196E0,4.086138725E0,3.300000000E1
2.304474944E2,2.868654130E1,1.158769351E2,1.863791135E1,1.416845703E1,0.000000000E0,0.000000000E0,7.478418800E-1,9.935046196E0,3.982947588E0,3.300000000E1
2.314440846E2,2.868654127E1,1.158769351E2,1.863748390E1,1.416802979E1,0.000000000E0,0.000000000E0,7.478441039E-1,9.935046196E0,3.961985350E0,3.200000000E1
2.324539425E2,2.868654129E1,1.158769351E2,1.864035261E1,1.417089844E1,0.000000000E0,0.000000000E0,7.478463495E-1,9.935046196E0,3.958838940E0,3.200000000E1
2.334449473E2,2.868654128E1,1.158769352E2,1.864242772E1,1.417297363E1,0.000000000E0,0.000000000E0,7.482385223E-1,9.935046196E0,3.979458809E0,3.000000000E1
2.344514058E2,2.868653779E1,1.158769346E2,1.868563265E1,1.421618652E1,3.199999928E-1,1.908000031E2,7.490429759E-1,9.935046196E0,4.063788414E0,3.000000000E1
2.354535506E2,2.868653075E1,1.158769327E2,1.905884879E1,1.458941650E1,7.200000286E-1,1.891999969E2,7.499203174E-1,9.935046196E0,3.949316263E0,3.000000000E1
2.364511999E2,2.868652286E1,1.158769326E2,1.904088265E1,1.457147217E1,9.700000286E-1,1.895000000E2,7.510632190E-1,9.935046196E0,4.029135227E0,3.000000000E1
2.374498876E2,2.868651260E1,1.158769319E2,1.937685476E1,1.490747070E1,1.210000038E0,1.868000031E2,7.532656349E-1,9.935046196E0,4.095294952E0,3.000000000E1
2.384493529E2,2.868649297E1,1.158769289E2,2.026688493E1,1.579754639E1,2.170000076E0,1.885000000E2,7.563905178E-1,9.935046196E0,4.114775181E0,3.000000000E1
2.394439566E2,2.868646500E1,1.158769258E2,2.055886974E1,1.608959961E1,3.099999905E0,1.871000061E2,7.600391986E-1,9.935046196E0,3.895558119E0,3.100000000E1
2.404522603E2,2.868643236E1,1.158769220E2,2.133723292E1,1.686804199E1,3.589999914E0,1.861999969E2,7.637603658E-1,9.935046196E0,3.644630909E0,3.200000000E1
2.414453883E2,2.868639914E1,1.158769174E2,2.161480336E1,1.714569092E1,3.579999924E0,1.881999969E2,7.669883958E-1,9.935046196E0,3.473093987E0,3.200000000E1
2.424523227E2,2.868637057E1,1.158769115E2,2.110576944E1,1.663671875E1,3.309999943E0,1.873000031E2,7.703595039E-1,9.935046196E0,3.244758606E0,3.200000000E1
2.434490533E2,2.868634043E1,1.158769078E2,2.129106063E1,1.682208252E1,3.470000029E0,1.788999939E2,7.737897706E-1,9.935046196E0,3.061512709E0,3.200000000E1
2.444532929E2,2.868630982E1,1.158769121E2,2.206775671E1,1.759887695E1,3.299999952E0,1.605000000E2,7.763330345E-1,9.935046196E0,3.066846371E0,3.200000000E1
2.454480278E2,2.868629110E1,1.158769271E2,2.157937812E1,1.711059570E1,2.519999981E0,1.215000000E2,7.782776008E-1,3.790092468E0,2.673086166E0,3.100000000E1
2.464532799E2,2.868628704E1,1.158769465E2,2.105294105E1,1.658422852E1,2.029999971E0,8.640000153E1,7.801895909E-1,3.790092468E0,2.745862961E0,3.100000000E1
2.474545516E2,2.868629569E1,1.158769634E2,2.089172008E1,1.642303467E1,2.180000067E0,4.620000076E1,7.826952422E-1,3.790092468E0,3.018429756E0,3.000000000E1
2.484505722E2,2.868631587E1,1.158769749E2,1.993275731E1,1.546405029E1,2.529999971E0,1.400000000E1,7.871786501E-1,3.790092468E0,3.173757076E0,3.200000000E1
2.494510446E2,2.868635595E1,1.158769799E2,2.043108366E1,1.596228027E1,4.349999905E0,3.400000095E0,7.939827261E-1,3.790092468E0,3.460548401E0,3.200000000E1
2.504476159E2,2.868641605E1,1.158769930E2,2.009869171E1,1.562976074E1,5.500000000E0,6.300000191E0,8.013390502E-1,3.790092468E0,3.554723740E0,3.300000000E1
2.514474962E2,2.868648157E1,1.158770034E2,2.045614224E1,1.598706055E1,7.110000134E0,7.199999809E0,8.084329380E-1,3.790092468E0,3.924095631E0,3.300000000E1
2.524505243E2,2.868654473E1,1.158770137E2,2.052031286E1,1.605108643E1,7.130000114E0,7.300000191E0,8.176886431E-1,3.898899794E0,3.967691660E0,3.300000000E1
2.534513271E2,2.868662594E1,1.158770345E2,2.046652080E1,1.599713135E1,8.810000420E0,9.199999809E0,8.266856105E-1,3.824551821E0,4.119501114E0,3.400000000E1
2.544551846E2,2.868670537E1,1.158770521E2,2.017622237E1,1.570666504E1,9.359999657E0,9.699999809E0,8.365558682E-1,3.792395353E0,4.099312305E0,3.000000000E1
2.554545322E2,2.868679279E1,1.158770696E2,2.023775287E1,1.576800537E1,9.800000191E0,8.899999619E0,8.468890666E-1,3.790092468E0,3.950651646E0,3.200000000E1
2.564517150E2,2.868688364E1,1.158770919E2,2.058980596E1,1.611987305E1,1.051000023E1,8.699999809E0,8.574118539E-1,3.790092468E0,3.475124359E0,3.200000000E1
2.574514745E2,2.868697643E1,1.158771131E2,2.033560554E1,1.586547852E1,1.069999981E1,1.010000038E1,8.682147125E-1,3.790092468E0,3.292970657E0,3.100000000E1
2.584604994E2,2.868707238E1,1.158771304E2,2.073584439E1,1.626550293E1,1.088000011E1,1.060000038E1,8.780408540E-1,3.790092468E0,3.157781124E0,3.000000000E1
2.594480131E2,2.868715946E1,1.158771476E2,2.039973114E1,1.592919922E1,1.022999954E1,1.119999981E1,8.893605258E-1,3.790092468E0,3.285319328E0,2.900000000E1
2.604532655E2,2.868725905E1,1.158771716E2,2.082632712E1,1.635559082E1,1.128999996E1,1.169999981E1,9.007283056E-1,3.790092468E0,3.363316536E0,2.800000000E1
2.614510002E2,2.868735976E1,1.158771917E2,2.129047495E1,1.681951904E1,1.135000038E1,1.150000000E1,9.124739376E-1,3.790092468E0,3.186926603E0,2.500000000E1
2.624504930E2,2.868746380E1,1.158772125E2,2.115532549E1,1.668414307E1,1.140999985E1,1.160000038E1,9.242849842E-1,3.790092468E0,2.909698248E0,2.400000000E1
2.634474347E2,2.868756727E1,1.158772399E2,2.087623375E1,1.640484619E1,1.165999985E1,1.219999981E1,9.350517213E-1,3.790092468E0,2.856905699E0,2.300000000E1
2.644507039E2,2.868766171E1,1.158772642E2,2.112019728E1,1.664862061E1,1.136999989E1,1.219999981E1,9.463671173E-1,3.790092468E0,2.599105597E0,2.300000000E1
2.654529571E2,2.868776127E1,1.158772882E2,2.096506724E1,1.649328613E1,1.122999954E1,1.289999962E1,9.578810159E-1,3.790092468E0,2.500000000E0,2.300000000E1
2.664599374E2,2.868786187E1,1.158773162E2,2.237810440E1,1.790612793E1,1.127000046E1,1.350000000E1,9.694247124E-1,3.801458359E0,2.500000000E0,2.200000000E1
2.674534144E2,2.868796358E1,1.158773399E2,2.260988308E1,1.813769531E1,1.131999969E1,1.530000019E1,9.805894078E-1,3.798196316E0,2.500000000E0,1.400000000E1
2.684530026E2,2.868806138E1,1.158773658E2,2.305825800E1,1.858587646E1,1.126000023E1,1.560000038E1,9.918373496E-1,3.797552109E0,2.500000000E0,1.900000000E1
2.694539229E2,2.868815871E1,1.158773972E2,2.314992554E1,1.867736816E1,1.139000034E1,1.839999962E1,1.003373594E0,3.817528725E0,2.500000000E0,1.500000000E1
2.704491720E2,2.868825674E1,1.158774359E2,2.281206854E1,1.833935547E1,1.156000042E1,2.160000038E1,1.015438500E0,3.804761887E0,2.500000000E0,2.200000000E1
2.714534918E2,2.868835782E1,1.158774809E2,2.182405468E1,1.735119629E1,1.211999989E1,2.389999962E1,1.027458558E0,3.794940948E0,2.500000000E0,2.300000000E1
2.724467360E2,2.868845590E1,1.158775327E2,2.170753276E1,1.723455811E1,1.206000042E1,2.589999962E1,1.039778180E0,3.809950829E0,2.500000000E0,2.200000000E1
2.734525609E2,2.868855286E1,1.158775938E2,2.166147523E1,1.718841553E1,1.202999973E1,2.889999962E1,1.051552031E0,3.841429710E0,2.500000000E0,2.100000000E1
2.744554399E2,2.868864509E1,1.158776531E2,2.195275135E1,1.747961426E1,1.180000019E1,3.070000076E1,1.063944112E0,3.834413290E0,2.500000000E0,2.200000000E1
2.754627580E2,2.868874058E1,1.158777186E2,2.238586346E1,1.791265869E1,1.186999989E1,3.329999924E1,1.075816293E0,3.846979141E0,2.584326982E0,2.000000000E1
2.764452975E2,2.868881776E1,1.158778027E2,2.189394168E1,1.742077637E1,1.193000031E1,3.809999847E1,1.087841745E0,3.798054218E0,2.603414774E0,2.100000000E1
2.774526972E2,2.868890386E1,1.158778773E2,2.167630436E1,1.720312500E1,1.173999977E1,3.850000000E1,1.100104163E0,3.795030594E0,2.500000000E0,1.400000000E1
2.784508892E2,2.868898818E1,1.158779583E2,2.150307629E1,1.702990723E1,1.181000042E1,4.029999924E1,1.112811083E0,3.795290709E0,2.500000000E0,1.900000000E1
2.794530907E2,2.868908518E1,1.158780272E2,2.183742752E1,1.736419678E1,1.205000019E1,3.979999924E1,1.124784687E0,3.795826912E0,2.500000000E0,1.600000000E1
2.804581633E2,2.868916942E1,1.158781037E2,2.306558019E1,1.859234619E1,1.202999973E1,4.100000000E1,1.136680550E0,3.796203136E0,2.518510342E0,2.300000000E1
2.814510487E2,2.868925187E1,1.158781814E2,2.376711276E1,1.929388428E1,1.196000004E1,4.390000153E1,1.148567181E0,3.793965816E0,2.500000000E0,2.600000000E1
2.824505989E2,2.868932923E1,1.158782655E2,2.392753520E1,1.945434570E1,1.185000038E1,4.640000153E1,1.160205839E0,3.799987316E0,2.519131899E0,2.700000000E1
2.834544662E2,2.868940150E1,1.158783518E2,2.450706522E1,2.003393555E1,1.190999985E1,4.829999924E1,1.171783634E0,3.797535896E0,2.500000000E0,2.900000000E1
2.844469714E2,2.868947105E1,1.158784401E2,2.489859328E1,2.042553711E1,1.177999973E1,4.940000153E1,1.183545048E0,3.795202494E0,2.500000000E0,2.100000000E1
2.854517289E2,2.868953702E1,1.158785344E2,2.504290111E1,2.056994629E1,1.182999992E1,5.220000076E1,1.195294843E0,3.795080185E0,2.500000000E0,2.600000000E1
2.864474756E2,2.868960158E1,1.158786297E2,2.492505566E1,2.045220947E1,1.186999989E1,5.370000076E1,1.207346257E0,3.801659584E0,2.500000000E0,2.100000000E1
2.874524571E2,2.868966235E1,1.158787320E2,2.490654392E1,2.043383789E1,1.203999996E1,5.550000000E1,1.219466718E0,3.795200109E0,2.500000000E0,2.300000000E1
2.884485332E2,2.868972033E1,1.158788372E2,2.494581589E1,2.047326660E1,1.227999973E1,5.900000000E1,1.231592554E0,3.826534748E0,2.500000000E0,2.200000000E1
2.894512123E2,2.868977430E1,1.158789453E2,2.507564441E1,2.060327148E1,1.234000015E1,6.050000000E1,1.243871746E0,3.794958115E0,2.500000000E0,2.100000000E1
2.904493263E2,2.868982665E1,1.158790561E2,2.541444427E1,2.094226074E1,1.234000015E1,6.600000000E1,1.256215382E0,3.800390482E0,2.500000000E0,2.100000000E1
2.914540647E2,2.868988045E1,1.158791668E2,2.573017733E1,2.125817871E1,1.230000019E1,6.559999847E1,1.268244338E0,3.796468258E0,2.500000000E0,2.300000000E1
2.924532010E2,2.868993126E1,1.158792757E2,2.649836118E1,2.202655029E1,1.200000000E1,6.519999695E1,1.281047341E0,3.833334208E0,2.500000000E0,2.400000000E1
2.934543713E2,2.868998988E1,1.158793886E2,2.704243326E1,2.257080078E1,1.246000004E1,6.400000000E1,1.293567607E0,3.795056105E0,2.500000000E0,2.500000000E1
2.944503608E2,2.869004377E1,1.158795013E2,2.704718636E1,2.257574463E1,1.256000042E1,6.450000000E1,1.305712694E0,3.794630766E0,2.500000000E0,3.000000000E1
2.954542697E2,2.869009429E1,1.158796117E2,2.753167340E1,2.306042480E1,1.210999966E1,6.440000153E1,1.317715271E0,3.803549051E0,2.500000000E0,2.700000000E1
2.964529650E2,2.869014456E1,1.158797206E2,2.772405001E1,2.325299072E1,1.182999992E1,6.370000076E1,1.329587923E0,3.806577444E0,2.500000000E0,2.200000000E1
2.974543760E2,2.869019462E1,1.158798281E2,2.818620560E1,2.371533203E1,1.172999954E1,6.140000153E1,1.341644439E0,3.801494122E0,2.500000000E0,2.400000000E1
2.984627622E2,2.869024548E1,1.158799373E2,2.848649319E1,2.401580811E1,1.197000027E1,6.200000000E1,1.353630139E0,3.793941259E0,2.500000000E0,2.800000000E1
2.994614034E2,2.869029627E1,1.158800457E2,2.878959055E1,2.431909180E1,1.202000046E1,6.229999924E1,NaN,3.797779083E0,2.500000000E0,2.600000000E1
