"Time (s)","Latitude (°)","Longitude (°)","Height (m)","Velocity (m/s)","Direction (°)","Horizontal Accuracy (m)","Vertical Accuracy (m)"
2.178827370E-1,5.232509140E1,4.868114200E0,6.599656626E-1,0.000000000E0,0.000000000E0,1.954599953E1,1.333333373E0
3.875720441E0,5.232490018E1,4.867527590E0,-2.508603741E1,0.000000000E0,0.000000000E0,2.036800003E1,2.400000000E1
4.875720650E0,5.232504044E1,4.867619160E0,-7.745089601E0,0.000000000E0,0.000000000E0,1.286400032E1,1.200000000E1
5.875720754E0,5.232510164E1,4.867692480E0,-4.079922615E0,0.000000000E0,0.000000000E0,9.648000717E0,1.200000000E1
6.875720337E0,5.232517357E1,4.867702370E0,3.581805326E0,0.000000000E0,0.000000000E0,7.504000187E0,8.000000000E0
7.875720546E0,5.232520257E1,4.867736400E0,3.253801573E0,0.000000000E0,0.000000000E0,6.432000160E0,6.000000000E0
8.875719713E0,5.232520016E1,4.867785410E0,2.460613244E0,0.000000000E0,0.000000000E0,6.432000160E0,8.000000000E0
9.875720754E0,5.232521540E1,4.867790000E0,2.169621680E0,0.000000000E0,0.000000000E0,6.432000160E0,8.000000000E0
1.087572054E1,5.232523385E1,4.867799600E0,3.784887490E0,0.000000000E0,0.000000000E0,6.432000160E0,8.000000000E0
1.187572023E1,5.232523562E1,4.867806120E0,3.470196433E0,0.000000000E0,0.000000000E0,7.504000187E0,8.000000000E0
1.287572065E1,5.232523900E1,4.867811260E0,4.090687519E0,0.000000000E0,0.000000000E0,7.504000187E0,8.000000000E0
1.387572055E1,5.232523880E1,4.867811780E0,4.146107456E0,0.000000000E0,0.000000000E0,7.504000187E0,8.000000000E0
1.487572091E1,5.232524075E1,4.867812110E0,4.501029822E0,0.000000000E0,0.000000000E0,7.504000187E0,8.000000000E0
1.587572081E1,5.232524361E1,4.867809340E0,5.188105020E0,0.000000000E0,0.000000000E0,7.504000187E0,8.000000000E0
1.687572018E1,5.232525070E1,4.867818920E0,6.366098975E0,0.000000000E0,0.000000000E0,7.504000187E0,8.000000000E0
1.787572065E1,5.232528275E1,4.867808060E0,5.333239927E0,2.720000029E0,3.210000000E2,7.504000187E0,8.000000000E0
1.887572070E1,5.232530880E1,4.867833950E0,6.396279629E0,2.019999981E0,3.493999939E2,7.504000187E0,8.000000000E0
1.987572018E1,5.232532147E1,4.867836410E0,4.864865753E0,1.899999976E0,2.921000061E2,7.504000187E0,8.000000000E0
2.087571961E1,5.232535904E1,4.867846550E0,4.198664634E0,1.909999967E0,9.800000191E0,7.504000187E0,8.000000000E0
2.187571956E1,5.232537168E1,4.867821050E0,4.418577542E0,1.389999986E0,3.596000061E2,7.504000187E0,8.000000000E0
2.287572034E1,5.232538677E1,4.867842940E0,5.277986260E0,1.340000033E0,3.309999847E1,7.504000187E0,8.000000000E0
2.387572018E1,5.232540110E1,4.867864600E0,6.339786355E0,1.169999957E0,4.690000153E1,7.504000187E0,8.000000000E0
2.487572070E1,5.232541433E1,4.867895400E0,8.363687285E0,1.490000010E0,4.209999847E1,7.504000187E0,8.000000000E0
2.587572091E1,5.232543182E1,4.867926560E0,9.333700370E0,1.700000048E0,4.340000153E1,6.432000160E0,6.000000000E0
2.687572101E1,5.232544754E1,4.867971150E0,1.286035925E1,1.740000010E0,5.409999847E1,6.432000160E0,6.000000000E0
2.787572049E1,5.232546437E1,4.868006490E0,1.273448756E1,1.830000043E0,6.000000000E1,6.432000160E0,6.000000000E0
2.887571950E1,5.232547813E1,4.868046280E0,1.175992024E1,1.970000029E0,6.930000305E1,6.432000160E0,6.000000000E0
2.987571982E1,5.232549395E1,4.868087790E0,1.404030065E1,1.960000038E0,6.079999924E1,6.432000160E0,6.000000000E0
3.087572091E1,5.232551227E1,4.868129690E0,1.397583617E1,2.109999895E0,5.600000000E1,5.360000134E0,6.000000000E0
3.187572096E1,5.232553226E1,4.868156760E0,1.325090416E1,1.990000010E0,4.709999847E1,5.360000134E0,6.000000000E0
3.287572070E1,5.232555252E1,4.868182270E0,1.362454341E1,1.980000019E0,4.279999924E1,5.360000134E0,6.000000000E0
3.387572060E1,5.232557194E1,4.868210770E0,1.258961384E1,1.980000019E0,4.020000076E1,5.360000134E0,6.000000000E0
3.487572028E1,5.232558847E1,4.868238250E0,1.270085883E1,1.970000029E0,4.500000000E1,5.360000134E0,6.000000000E0
3.587572117E1,5.232560693E1,4.868265820E0,1.150839565E1,2.009999990E0,4.270000076E1,5.360000134E0,6.000000000E0
3.687572008E1,5.232562668E1,4.868294010E0,1.093885945E1,2.039999962E0,4.120000076E1,5.360000134E0,6.000000000E0
3.787572060E1,5.232564716E1,4.868318670E0,1.037200780E1,2.019999981E0,3.250000000E1,5.360000134E0,6.000000000E0
3.887572081E1,5.232566917E1,4.868337200E0,1.022446633E1,2.019999981E0,3.020000076E1,5.360000134E0,6.000000000E0
3.987572013E1,5.232568962E1,4.868354020E0,1.114131379E1,2.000000000E0,2.920000076E1,5.360000134E0,6.000000000E0
4.087572060E1,5.232570764E1,4.868373510E0,1.037236833E1,2.000000000E0,3.340000153E1,5.360000134E0,6.000000000E0
4.187572055E1,5.232572746E1,4.868388510E0,1.001669188E1,2.000000000E0,2.589999962E1,5.360000134E0,6.000000000E0
4.287572081E1,5.232575019E1,4.868390140E0,1.005194208E1,1.980000019E0,3.515000000E2,5.360000134E0,6.000000000E0
4.387571982E1,5.232577123E1,4.868381710E0,1.004543612E1,1.950000048E0,3.457999878E2,5.360000134E0,6.000000000E0
4.487572049E1,5.232579071E1,4.868374210E0,1.004545925E1,1.919999957E0,3.492000122E2,5.360000134E0,6.000000000E0
4.587572070E1,5.232580964E1,4.868374010E0,1.003449945E1,1.929999948E0,3.099999905E0,6.432000160E0,6.000000000E0
4.687572060E1,5.232582823E1,4.868379870E0,9.998396136E0,1.960000038E0,1.069999981E1,7.504000187E0,6.000000000E0
4.787571992E1,5.232584651E1,4.868386460E0,1.001197542E1,1.970000029E0,9.100000381E0,7.504000187E0,6.000000000E0
4.887572112E1,5.232586496E1,4.868390560E0,9.969034973E0,1.970000029E0,5.699999809E0,8.576000214E0,6.000000000E0
4.987572075E1,5.232588235E1,4.868393690E0,9.986456249E0,1.870000005E0,5.800000191E0,8.576000214E0,6.000000000E0
5.087572044E1,5.232590824E1,4.868384390E0,9.247534738E0,1.860000014E0,1.100000024E0,7.504000187E0,6.000000000E0
5.187572112E1,5.232592683E1,4.868388180E0,9.576908762E0,1.870000005E0,2.310000038E1,6.432000160E0,6.000000000E0
5.287571997E1,5.232594562E1,4.868404840E0,9.129312871E0,1.909999967E0,2.270000076E1,5.360000134E0,6.000000000E0
5.387572091E1,5.232595652E1,4.868429610E0,9.308602594E0,1.889999986E0,4.800000000E1,6.432000160E0,6.000000000E0
5.487572086E1,5.232597342E1,4.868429530E0,8.636324083E0,1.919999957E0,3.377000122E2,5.360000134E0,6.000000000E0
5.587572060E1,5.232599329E1,4.868430210E0,7.578735244E0,1.940000057E0,2.339999962E1,5.360000134E0,6.000000000E0
5.687572003E1,5.232601018E1,4.868449650E0,7.769504965E0,1.950000048E0,3.060000038E1,5.360000134E0,6.000000000E0
5.787572070E1,5.232603012E1,4.868453270E0,7.514041925E0,1.980000019E0,6.199999809E0,6.432000160E0,6.000000000E0
5.887572060E1,5.232605036E1,4.868452060E0,7.532136122E0,1.990000010E0,3.500000000E0,7.504000187E0,6.000000000E0
5.987572086E1,5.232606995E1,4.868451240E0,7.527768689E0,2.000000000E0,2.900000095E0,7.504000187E0,6.000000000E0
6.087572034E1,5.232608902E1,4.868452320E0,7.512598386E0,2.009999990E0,5.699999809E0,1.179199982E1,6.000000000E0
6.187572081E1,5.232610785E1,4.868453860E0,7.525748320E0,2.019999981E0,3.299999952E0,1.286400032E1,6.000000000E0
6.287572055E1,5.232612650E1,4.868454210E0,7.527605818E0,2.019999981E0,5.000000000E-1,1.286400032E1,6.000000000E0
6.387572008E1,5.232614539E1,4.868455350E0,7.503096917E0,2.039999962E0,3.500000000E0,1.286400032E1,8.000000000E0
6.487572096E1,5.232616421E1,4.868457300E0,7.507396973E0,2.039999962E0,2.700000048E0,1.393600082E1,8.000000000E0
6.587572091E1,5.232618300E1,4.868459340E0,7.504616961E0,2.049999952E0,3.400000095E0,1.393600082E1,8.000000000E0
6.687572091E1,5.232620153E1,4.868462740E0,7.523077592E0,2.049999952E0,6.000000000E0,1.500800037E1,8.000000000E0
6.787572086E1,5.232621981E1,4.868466980E0,7.545810813E0,2.039999962E0,6.500000000E0,1.500800037E1,8.000000000E0
6.887572065E1,5.232623800E1,4.868471090E0,7.544740121E0,2.029999971E0,8.199999809E0,1.607999992E1,8.000000000E0
6.987572028E1,5.232625617E1,4.868477030E0,7.564910680E0,2.019999981E0,1.160000038E1,1.715200043E1,8.000000000E0
7.087572008E1,5.232627395E1,4.868483150E0,7.570371320E0,2.009999990E0,1.089999962E1,1.715200043E1,8.000000000E0
7.187572002E1,5.232629178E1,4.868489400E0,7.637294507E0,2.019999981E0,1.130000019E1,1.822400093E1,8.000000000E0
7.287572013E1,5.232630952E1,4.868495970E0,7.649896461E0,2.009999990E0,1.130000019E1,1.822400093E1,8.000000000E0
7.387572096E1,5.232633009E1,4.868491200E0,7.368489580E0,2.019999981E0,3.500000000E0,1.929600143E1,8.000000000E0
7.487572070E1,5.232635120E1,4.868482710E0,7.271224402E0,2.039999962E0,2.599999905E0,2.036800003E1,8.000000000E0
7.587572023E1,5.232637118E1,4.868477420E0,7.274423327E0,2.029999971E0,3.299999952E0,1.929600143E1,8.000000000E0
7.687571997E1,5.232639051E1,4.868475760E0,7.284337276E0,2.039999962E0,7.400000095E0,2.036800003E1,8.000000000E0
7.787572096E1,5.232640990E1,4.868474840E0,7.228944114E0,2.039999962E0,7.500000000E0,2.144000053E1,8.000000000E0
7.887572055E1,5.232642991E1,4.868471900E0,7.115384168E0,2.049999952E0,7.400000095E0,2.358399963E1,8.000000000E0
7.987572081E1,5.232645083E1,4.868466510E0,7.032952034E0,2.059999943E0,5.300000191E0,2.572800064E1,1.200000000E1
8.087572049E1,5.232647130E1,4.868462390E0,7.018146945E0,2.079999924E0,6.300000191E0,2.787200165E1,1.200000000E1
8.187572086E1,5.232649129E1,4.868461700E0,6.965379271E0,2.079999924E0,1.080000019E1,2.894400024E1,1.200000000E1
8.287572060E1,5.232651008E1,4.868464460E0,7.028517638E0,2.069999933E0,9.000000000E0,2.894400024E1,1.200000000E1
8.387572060E1,5.232652866E1,4.868468100E0,7.049053672E0,2.079999924E0,7.599999905E0,2.894400024E1,1.200000000E1
8.487572065E1,5.232654738E1,4.868471340E0,7.060129227E0,2.089999914E0,5.400000095E0,3.001600075E1,1.200000000E1
8.587572075E1,5.232656622E1,4.868472840E0,7.046057473E0,2.079999924E0,5.699999809E0,3.001600075E1,1.200000000E1
8.687572070E1,5.232658512E1,4.868475800E0,7.043033999E0,2.099999905E0,1.089999962E1,2.894400024E1,8.000000000E0
8.787572060E1,5.232660404E1,4.868481230E0,7.034396729E0,2.109999895E0,1.239999962E1,3.001600075E1,1.200000000E1
8.887571976E1,5.232662279E1,4.868486180E0,7.065187657E0,2.099999905E0,8.800000191E0,2.894400024E1,8.000000000E0
8.987572091E1,5.232664200E1,4.868484880E0,7.058316974E0,2.089999914E0,3.700000048E0,2.894400024E1,8.000000000E0
9.087572075E1,5.232665984E1,4.868488300E0,7.200433874E0,2.089999914E0,3.598999939E2,2.894400024E1,8.000000000E0
9.187572060E1,5.232667918E1,4.868483630E0,7.180194752E0,2.089999914E0,3.583999939E2,3.001600075E1,8.000000000E0
9.287572060E1,5.232669791E1,4.868484640E0,7.175521977E0,2.099999905E0,8.000000119E-1,3.108800125E1,1.200000000E1
9.387572044E1,5.232671665E1,4.868486580E0,7.185620255E0,2.099999905E0,3.099999905E0,3.108800125E1,1.200000000E1
9.487572060E1,5.232673554E1,4.868483740E0,7.193823927E0,2.099999905E0,2.599999905E0,3.215999985E1,1.200000000E1
9.587572096E1,5.232675575E1,4.868475150E0,7.102599906E0,2.109999895E0,1.299999952E0,3.001600075E1,8.000000000E0
9.687572055E1,5.232677637E1,4.868462320E0,7.045919940E0,2.130000114E0,1.000000015E-1,3.108800125E1,8.000000000E0
9.787572028E1,5.232679635E1,4.868447940E0,7.010356352E0,2.119999886E0,2.099999905E0,3.108800125E1,8.000000000E0
9.887572023E1,5.232681556E1,4.868438990E0,7.020876323E0,2.109999895E0,3.597999878E2,3.108800125E1,8.000000000E0
9.987572008E1,5.232683454E1,4.868434320E0,7.109035132E0,2.109999895E0,5.400000095E0,3.323200226E1,1.200000000E1
1.008757206E2,5.232685340E1,4.868439150E0,7.017023412E0,2.109999895E0,1.180000019E1,3.537599945E1,1.200000000E1
1.018757205E2,5.232687051E1,4.868454090E0,7.066982772E0,2.099999905E0,1.700000000E1,3.430400085E1,1.200000000E1
1.028757210E2,5.232688745E1,4.868470370E0,7.129699006E0,2.079999924E0,1.530000019E1,3.323200226E1,1.200000000E1
1.038757206E2,5.232690355E1,4.868490990E0,7.082431183E0,2.069999933E0,1.670000076E1,3.537599945E1,1.200000000E1
1.048757200E2,5.232691878E1,4.868513490E0,7.035407349E0,2.049999952E0,1.110000038E1,3.323200226E1,1.200000000E1
1.058757206E2,5.232693510E1,4.868530990E0,7.031411981E0,2.049999952E0,1.089999962E1,3.215999985E1,1.200000000E1
1.068757200E2,5.232695183E1,4.868534120E0,7.030826958E0,2.049999952E0,1.169999981E1,3.001600075E1,1.200000000E1
1.078757201E2,5.232696904E1,4.868530130E0,7.097194113E0,1.950000048E0,1.039999962E1,3.108800125E1,1.200000000E1
1.088757208E2,5.232698585E1,4.868529830E0,7.152088202E0,1.899999976E0,1.030000019E1,3.323200226E1,1.200000000E1
1.098757210E2,5.232700226E1,4.868532460E0,7.111097170E0,1.940000057E0,1.119999981E1,3.644800186E1,1.200000000E1
1.108757210E2,5.232701863E1,4.868534470E0,7.109351333E0,1.970000029E0,1.180000019E1,3.323200226E1,1.200000000E1
1.118757199E2,5.232703455E1,4.868540770E0,7.041750378E0,1.980000019E0,1.169999981E1,3.323200226E1,1.200000000E1
1.128757209E2,5.232705043E1,4.868546710E0,6.953214102E0,1.980000019E0,3.597000122E2,3.215999985E1,1.200000000E1
1.138757205E2,5.232706735E1,4.868548190E0,6.931388170E0,1.980000019E0,3.542000122E2,3.108800125E1,1.200000000E1
1.148757209E2,5.232708474E1,4.868544780E0,6.980910207E0,2.000000000E0,3.477000122E2,3.001600075E1,1.200000000E1
1.158757208E2,5.232710197E1,4.868538110E0,7.016758283E0,2.019999981E0,3.408999939E2,3.001600075E1,1.200000000E1
1.168757201E2,5.232711950E1,4.868528840E0,7.067558910E0,2.019999981E0,3.426000061E2,3.108800125E1,1.200000000E1
1.178757206E2,5.232713687E1,4.868521740E0,7.068006546E0,2.019999981E0,3.415000000E2,3.215999985E1,1.200000000E1
1.188757210E2,5.232715225E1,4.868508880E0,7.383328466E0,2.029999971E0,3.468999939E2,3.001600075E1,1.200000000E1
1.198757210E2,5.232716829E1,4.868502930E0,7.439499985E0,2.029999971E0,3.515000000E2,3.001600075E1,1.200000000E1
1.208757203E2,5.232718536E1,4.868503630E0,7.388865225E0,2.029999971E0,3.533999939E2,3.108800125E1,1.200000000E1
1.218757199E2,5.232720272E1,4.868500590E0,7.418428935E0,2.140000105E0,3.516000061E2,3.108800125E1,1.200000000E1
1.228757203E2,5.232722001E1,4.868493330E0,7.473258691E0,2.140000105E0,3.492000122E2,3.215999985E1,1.200000000E1
1.238757204E2,5.232723719E1,4.868491720E0,7.400161830E0,2.140000105E0,3.482999878E2,3.215999985E1,1.200000000E1
1.248757201E2,5.232725395E1,4.868488820E0,7.424658857E0,2.140000105E0,3.483999939E2,3.215999985E1,1.200000000E1
1.258757201E2,5.232727107E1,4.868484700E0,7.419309503E0,2.140000105E0,3.452000122E2,3.215999985E1,1.200000000E1
1.268757208E2,5.232728775E1,4.868475740E0,7.430863505E0,2.140000105E0,3.457000122E2,3.108800125E1,1.200000000E1
1.278757206E2,5.232730277E1,4.868464940E0,7.582123593E0,2.140000105E0,3.463999939E2,2.894400024E1,1.200000000E1
1.288757209E2,5.232731690E1,4.868478660E0,1.090228070E1,2.150000095E0,3.431000061E2,1.393600082E1,1.200000000E1
1.298757206E2,5.232733577E1,4.868498440E0,1.268893964E1,2.190000057E0,3.270000076E1,1.286400032E1,8.000000000E0
1.308757208E2,5.232735817E1,4.868513010E0,1.298377928E1,2.220000029E0,2.170000076E1,1.179199982E1,8.000000000E0
1.318757209E2,5.232737732E1,4.868531170E0,1.181658027E1,2.190000057E0,3.020000076E1,1.179199982E1,8.000000000E0
1.328757199E2,5.232739354E1,4.868536640E0,1.167012184E1,2.180000067E0,1.169999981E1,1.179199982E1,8.000000000E0
1.338757205E2,5.232741251E1,4.868540100E0,1.188743566E1,2.200000048E0,6.400000095E0,1.179199982E1,1.200000000E1
1.348757210E2,5.232742824E1,4.868539670E0,1.066828031E1,2.170000076E0,3.590000000E2,1.179199982E1,1.200000000E1
1.358757208E2,5.232744263E1,4.868540180E0,8.303432682E0,2.170000076E0,1.200000048E0,1.179199982E1,1.200000000E1
1.368757206E2,5.232745957E1,4.868539290E0,1.029515523E1,2.180000067E0,3.582000122E2,1.179199982E1,1.200000000E1
1.378757205E2,5.232747576E1,4.868542100E0,1.024867083E1,2.160000086E0,6.099999905E0,1.286400032E1,1.200000000E1
1.388757202E2,5.232749208E1,4.868537490E0,1.027127417E1,2.160000086E0,3.502000122E2,1.286400032E1,1.200000000E1
1.398757204E2,5.232750879E1,4.868532130E0,1.023803046E1,2.170000076E0,3.488999939E2,1.286400032E1,1.200000000E1
1.408757206E2,5.232752560E1,4.868526310E0,1.022975002E1,2.170000076E0,3.480000000E2,1.286400032E1,1.200000000E1
1.418757211E2,5.232754316E1,4.868523720E0,9.563147270E0,2.160000086E0,3.547999878E2,1.179199982E1,8.000000000E0
1.428757198E2,5.232756148E1,4.868524390E0,9.886964936E0,2.160000086E0,1.299999952E0,1.179199982E1,8.000000000E0
1.438757205E2,5.232757934E1,4.868523900E0,1.033999272E1,2.170000076E0,3.590000000E2,1.072000027E1,8.000000000E0
1.448757205E2,5.232759641E1,4.868519330E0,1.017271677E1,2.170000076E0,3.522000122E2,1.072000027E1,8.000000000E0
1.458757210E2,5.232761237E1,4.868520700E0,1.108924391E1,2.160000086E0,3.565000000E2,1.072000027E1,6.000000000E0
1.468757206E2,5.232762769E1,4.868519430E0,7.311188575E0,2.109999895E0,3.531000061E2,1.072000027E1,6.000000000E0
1.478757204E2,5.232763886E1,4.868517880E0,7.499679971E0,2.109999895E0,3.531000061E2,1.072000027E1,6.000000000E0
1.488757208E2,5.232765035E1,4.868523470E0,7.957829213E0,2.099999905E0,1.600000024E0,1.072000027E1,6.000000000E0
1.498757208E2,5.232766109E1,4.868527490E0,6.801840761E0,2.109999895E0,2.000000000E0,9.648000717E0,6.000000000E0
1.508757207E2,5.232767246E1,4.868532820E0,7.502909608E0,2.109999895E0,6.099999905E0,9.648000717E0,6.000000000E0
1.518757199E2,5.232768434E1,4.868535860E0,7.588621420E0,2.099999905E0,3.099999905E0,9.648000717E0,6.000000000E0
1.528757205E2,5.232769997E1,4.868534410E0,7.037800302E0,2.099999905E0,3.582999878E2,9.648000717E0,6.000000000E0
1.538757205E2,5.232771082E1,4.868532370E0,5.335238722E0,2.109999895E0,3.452000122E2,9.648000717E0,6.000000000E0
1.548757201E2,5.232772291E1,4.868525460E0,4.619126302E0,2.099999905E0,3.381000061E2,9.648000717E0,6.000000000E0
1.558757205E2,5.232773152E1,4.868507280E0,6.930895617E0,2.059999943E0,3.232000122E2,1.072000027E1,6.000000000E0
1.568757202E2,5.232774170E1,4.868489590E0,6.898246035E0,2.049999952E0,3.132000122E2,1.072000027E1,6.000000000E0
1.578757205E2,5.232775144E1,4.868469690E0,6.843682951E0,2.039999962E0,3.086000061E2,1.072000027E1,6.000000000E0
1.588757204E2,5.232776469E1,4.868456590E0,6.786260036E0,2.019999981E0,3.287999878E2,1.072000027E1,6.000000000E0
1.598757204E2,5.232777690E1,4.868446180E0,6.752640904E0,1.990000010E0,3.323999939E2,1.072000027E1,6.000000000E0
1.608757208E2,5.232778958E1,4.868429380E0,6.724939195E0,1.950000048E0,3.208999939E2,1.072000027E1,6.000000000E0
1.618757206E2,5.232780375E1,4.868416810E0,6.697180962E0,1.899999976E0,3.315000000E2,1.179199982E1,6.000000000E0
1.628757206E2,5.232781030E1,4.868420030E0,6.910265748E0,1.870000005E0,1.679999924E1,1.072000027E1,6.000000000E0
1.638757209E2,5.232780451E1,4.868427020E0,6.868940790E0,0.000000000E0,0.000000000E0,1.072000027E1,6.000000000E0
1.648757205E2,5.232780451E1,4.868427020E0,6.861311396E0,0.000000000E0,0.000000000E0,1.072000027E1,6.000000000E0
1.658757204E2,5.232780451E1,4.868427020E0,6.859053095E0,0.000000000E0,0.000000000E0,1.072000027E1,6.000000000E0
1.668757209E2,5.232779448E1,4.868415380E0,6.893089953E0,0.000000000E0,0.000000000E0,1.072000027E1,6.000000000E0
1.678757208E2,5.232779333E1,4.868416050E0,7.348594089E0,0.000000000E0,0.000000000E0,1.072000027E1,6.000000000E0
1.688757209E2,5.232779702E1,4.868420270E0,7.439849249E0,0.000000000E0,0.000000000E0,1.072000027E1,6.000000000E0
1.698757205E2,5.232779720E1,4.868422450E0,7.403840004E0,0.000000000E0,0.000000000E0,1.072000027E1,6.000000000E0
1.708757202E2,5.232779732E1,4.868423730E0,7.412813072E0,0.000000000E0,0.000000000E0,1.072000027E1,6.000000000E0
1.718757199E2,5.232779739E1,4.868424370E0,7.412813536E0,0.000000000E0,0.000000000E0,1.072000027E1,6.000000000E0
1.728757201E2,5.232779742E1,4.868424690E0,7.412874796E0,0.000000000E0,0.000000000E0,1.072000027E1,6.000000000E0
1.738757206E2,5.232779745E1,4.868424930E0,7.412936010E0,0.000000000E0,0.000000000E0,1.072000027E1,6.000000000E0
1.748757196E2,5.232779745E1,4.868425000E0,7.412997085E0,0.000000000E0,0.000000000E0,1.072000027E1,6.000000000E0
1.758757198E2,5.232779746E1,4.868425010E0,7.413119175E0,0.000000000E0,0.000000000E0,1.072000027E1,6.000000000E0
1.768757206E2,5.232779746E1,4.868425020E0,7.413119181E0,0.000000000E0,0.000000000E0,1.072000027E1,6.000000000E0
1.778757208E2,5.232779746E1,4.868425030E0,7.413180222E0,0.000000000E0,0.000000000E0,1.072000027E1,6.000000000E0
1.788757205E2,5.232779746E1,4.868425030E0,7.413180222E0,0.000000000E0,0.000000000E0,1.072000027E1,6.000000000E0
1.798757200E2,5.232779746E1,4.868425030E0,7.413180222E0,0.000000000E0,0.000000000E0,1.072000027E1,6.000000000E0
1.808757210E2,5.232779746E1,4.868425040E0,7.413180228E0,0.000000000E0,0.000000000E0,1.072000027E1,6.000000000E0
1.818757208E2,5.232779746E1,4.868425040E0,7.413302298E0,0.000000000E0,0.000000000E0,1.072000027E1,6.000000000E0
1.828757208E2,5.232779746E1,4.868425040E0,7.413424368E0,0.000000000E0,0.000000000E0,1.072000027E1,6.000000000E0
1.838757206E2,5.232779746E1,4.868425040E0,7.413485403E0,0.000000000E0,0.000000000E0,9.648000717E0,6.000000000E0
1.848757201E2,5.232779747E1,4.868425050E0,7.413485423E0,0.000000000E0,0.000000000E0,1.072000027E1,6.000000000E0
1.858757205E2,5.232779747E1,4.868425050E0,7.413607493E0,0.000000000E0,0.000000000E0,1.072000027E1,6.000000000E0
1.868757202E2,5.232779746E1,4.868425050E0,7.413668515E0,0.000000000E0,0.000000000E0,1.072000027E1,6.000000000E0
1.878757208E2,5.232779746E1,4.868425050E0,7.413668515E0,0.000000000E0,0.000000000E0,1.072000027E1,6.000000000E0
1.888757208E2,5.232779746E1,4.868425050E0,7.413729550E0,0.000000000E0,0.000000000E0,1.072000027E1,6.000000000E0
1.898757207E2,5.232779746E1,4.868425050E0,7.413729550E0,0.000000000E0,0.000000000E0,1.072000027E1,6.000000000E0
1.908757201E2,5.232779746E1,4.868425050E0,7.413790585E0,0.000000000E0,0.000000000E0,1.072000027E1,6.000000000E0
1.918757205E2,5.232779746E1,4.868425050E0,7.413851620E0,0.000000000E0,0.000000000E0,1.072000027E1,6.000000000E0
1.928757205E2,5.232779746E1,4.868425050E0,7.413851620E0,0.000000000E0,0.000000000E0,1.072000027E1,6.000000000E0
1.938757206E2,5.232779746E1,4.868425050E0,7.413851620E0,0.000000000E0,0.000000000E0,1.072000027E1,6.000000000E0
1.948757206E2,5.232779746E1,4.868425050E0,7.413790585E0,0.000000000E0,0.000000000E0,1.072000027E1,6.000000000E0
1.958757205E2,5.232779746E1,4.868425050E0,7.414156796E0,0.000000000E0,0.000000000E0,1.072000027E1,6.000000000E0
1.968757205E2,5.232779746E1,4.868425050E0,7.414217831E0,0.000000000E0,0.000000000E0,1.072000027E1,6.000000000E0
1.978757205E2,5.232779746E1,4.868425050E0,7.414156796E0,0.000000000E0,0.000000000E0,1.072000027E1,6.000000000E0
1.988757208E2,5.232779746E1,4.868425050E0,7.414339901E0,0.000000000E0,0.000000000E0,1.072000027E1,6.000000000E0
1.998757208E2,5.232779746E1,4.868425060E0,7.414339907E0,0.000000000E0,0.000000000E0,1.072000027E1,6.000000000E0
2.008757204E2,5.232779746E1,4.868425060E0,7.414339907E0,0.000000000E0,0.000000000E0,1.072000027E1,6.000000000E0
2.018757204E2,5.232779745E1,4.868425270E0,7.394564622E0,0.000000000E0,0.000000000E0,1.072000027E1,6.000000000E0
2.028757209E2,5.232781636E1,4.868437400E0,7.186773449E0,1.700000048E0,5.000000000E-1,1.072000027E1,6.000000000E0
2.038757208E2,5.232783867E1,4.868462250E0,6.199575377E0,1.690000057E0,3.523999939E2,9.648000717E0,6.000000000E0
2.048757203E2,5.232785424E1,4.868460320E0,5.281871575E0,1.690000057E0,3.518999939E2,9.648000717E0,6.000000000E0
2.058757208E2,5.232786819E1,4.868445380E0,4.679587754E0,1.690000057E0,3.382000122E2,9.648000717E0,6.000000000E0
2.068757205E2,5.232788353E1,4.868443660E0,5.043011679E0,1.659999967E0,3.483999939E2,9.648000717E0,6.000000000E0
2.078757206E2,5.232789744E1,4.868439300E0,4.385680130E0,1.340000033E0,3.448999939E2,9.648000717E0,6.000000000E0
2.088757206E2,5.232790436E1,4.868432380E0,4.265568730E0,0.000000000E0,0.000000000E0,9.648000717E0,6.000000000E0
2.098757205E2,5.232790594E1,4.868430130E0,4.173040372E0,0.000000000E0,0.000000000E0,9.648000717E0,6.000000000E0
2.108757209E2,5.232791531E1,4.868431110E0,4.147907632E0,1.740000010E0,4.199999809E0,9.648000717E0,6.000000000E0
2.118757209E2,5.232793064E1,4.868436920E0,3.344526759E0,1.720000029E0,1.939999962E1,9.648000717E0,4.000000000E0
2.128757200E2,5.232794495E1,4.868442790E0,3.854682083E0,1.710000038E0,1.389999962E1,9.648000717E0,4.000000000E0
2.138757210E2,5.232796229E1,4.868441970E0,4.056610311E0,1.769999981E0,5.599999905E0,9.648000717E0,6.000000000E0
2.148757209E2,5.232797872E1,4.868439050E0,3.703055104E0,1.820000052E0,3.593999939E2,9.648000717E0,4.000000000E0
2.158757209E2,5.232799490E1,4.868437950E0,4.292737888E0,1.840000033E0,3.595000000E2,9.648000717E0,6.000000000E0
2.168757211E2,5.232801149E1,4.868440260E0,4.303382669E0,1.830000043E0,1.119999981E1,9.648000717E0,6.000000000E0
2.178757211E2,5.232802201E1,4.868461250E0,5.187137483E0,1.860000014E0,3.890000153E1,9.648000717E0,4.000000000E0
2.188757209E2,5.232803408E1,4.868485150E0,6.112461082E0,1.889999986E0,2.779999924E1,9.648000717E0,4.000000000E0
2.198757206E2,5.232804774E1,4.868500120E0,5.966675862E0,1.940000057E0,2.100000000E1,9.648000717E0,4.000000000E0
2.208757209E2,5.232806012E1,4.868511830E0,5.404016863E0,1.929999948E0,2.239999962E1,9.648000717E0,6.000000000E0
2.218757210E2,5.232807278E1,4.868521900E0,5.646655173E0,1.929999948E0,1.810000038E1,9.648000717E0,6.000000000E0
2.228757211E2,5.232808856E1,4.868530650E0,5.219802491E0,1.980000019E0,1.600000000E1,9.648000717E0,6.000000000E0
2.238757210E2,5.232810382E1,4.868533800E0,4.975807208E0,1.970000029E0,1.010000038E1,9.648000717E0,6.000000000E0
2.248757210E2,5.232812161E1,4.868530970E0,4.453796935E0,2.000000000E0,3.200000048E0,9.648000717E0,4.000000000E0
2.258757208E2,5.232814005E1,4.868520520E0,4.487813499E0,1.990000010E0,3.508999939E2,9.648000717E0,4.000000000E0
2.268757209E2,5.232815791E1,4.868509350E0,4.517617410E0,1.990000010E0,3.487000122E2,1.072000027E1,6.000000000E0
2.278757205E2,5.232817548E1,4.868500160E0,4.520749680E0,2.000000000E0,3.503999939E2,1.072000027E1,6.000000000E0
2.288757205E2,5.232819298E1,4.868492900E0,4.555621235E0,2.009999990E0,3.508999939E2,1.072000027E1,6.000000000E0
2.298757204E2,5.232821023E1,4.868485990E0,4.565651329E0,2.009999990E0,3.497000122E2,1.179199982E1,6.000000000E0
2.308757208E2,5.232822752E1,4.868481730E0,4.580626840E0,2.009999990E0,3.552000122E2,1.286400032E1,6.000000000E0
2.318757208E2,5.232824496E1,4.868480160E0,4.586754000E0,2.009999990E0,3.577000122E2,1.286400032E1,6.000000000E0
2.328757211E2,5.232826245E1,4.868480000E0,4.603135942E0,2.000000000E0,3.593999939E2,1.393600082E1,6.000000000E0
2.338757208E2,5.232827977E1,4.868480450E0,4.631358813E0,2.000000000E0,1.000000000E0,1.500800037E1,6.000000000E0
2.348757209E2,5.232829724E1,4.868482020E0,4.619543473E0,2.000000000E0,8.000000119E-1,1.500800037E1,6.000000000E0
2.358757209E2,5.232831496E1,4.868485470E0,4.597414616E0,2.000000000E0,5.000000000E0,1.607999992E1,6.000000000E0
2.368757207E2,5.232833239E1,4.868489810E0,4.590239473E0,2.000000000E0,7.099999905E0,1.715200043E1,6.000000000E0
2.378757209E2,5.232835003E1,4.868493920E0,4.562678751E0,2.009999990E0,3.400000095E0,1.822400093E1,8.000000000E0
2.388757207E2,5.232836757E1,4.868498480E0,4.563194318E0,2.009999990E0,7.599999905E0,1.822400093E1,6.000000000E0
2.398757209E2,5.232838486E1,4.868502230E0,4.554370692E0,2.009999990E0,5.099999905E0,1.822400093E1,6.000000000E0
2.408757209E2,5.232840217E1,4.868505790E0,4.564589954E0,2.019999981E0,5.900000095E0,1.929600143E1,6.000000000E0
2.418757204E2,5.232841952E1,4.868506960E0,4.602945114E0,2.019999981E0,2.900000095E0,1.929600143E1,6.000000000E0
2.428757210E2,5.232843683E1,4.868509260E0,4.609745688E0,2.009999990E0,4.699999809E0,2.036800003E1,6.000000000E0
2.438757208E2,5.232845419E1,4.868516110E0,4.597017680E0,2.009999990E0,5.900000095E0,2.144000053E1,6.000000000E0
2.448757211E2,5.232847155E1,4.868521340E0,4.586424978E0,2.009999990E0,6.099999905E0,2.251200104E1,8.000000000E0
2.458757212E2,5.232848901E1,4.868525530E0,4.581324987E0,2.009999990E0,3.900000095E0,2.572800064E1,8.000000000E0
2.468757212E2,5.232850554E1,4.868520990E0,4.786545851E0,2.009999990E0,3.400000095E0,2.680000114E1,8.000000000E0
2.478757209E2,5.232852191E1,4.868523040E0,4.833445057E0,2.000000000E0,8.600000381E0,2.894400024E1,8.000000000E0
2.488757211E2,5.232853905E1,4.868524620E0,4.797886582E0,2.000000000E0,6.800000191E0,3.001600075E1,8.000000000E0
2.498757207E2,5.232855626E1,4.868520400E0,4.835322940E0,2.000000000E0,0.000000000E0,3.001600075E1,8.000000000E0
2.508757210E2,5.232857357E1,4.868516170E0,4.844683262E0,2.000000000E0,3.588999939E2,3.001600075E1,8.000000000E0
2.518757205E2,5.232858984E1,4.868511270E0,5.000953359E0,1.980000019E0,6.000000238E-1,3.001600075E1,8.000000000E0
2.528757204E2,5.232860648E1,4.868508800E0,5.013060325E0,1.980000019E0,1.000000015E-1,3.108800125E1,8.000000000E0
2.538757208E2,5.232862325E1,4.868507210E0,5.064352546E0,1.980000019E0,1.399999976E0,3.108800125E1,8.000000000E0
2.548757206E2,5.232863947E1,4.868506150E0,5.151349863E0,1.980000019E0,2.700000048E0,3.108800125E1,8.000000000E0
2.558757205E2,5.232865526E1,4.868504500E0,5.310550828E0,1.970000029E0,2.500000000E0,3.215999985E1,8.000000000E0
2.568757207E2,5.232867039E1,4.868495800E0,5.426411877E0,1.960000038E0,1.000000000E0,3.001600075E1,8.000000000E0
2.578757206E2,5.232868930E1,4.868506580E0,5.006278627E0,1.970000029E0,6.000000238E-1,3.001600075E1,8.000000000E0
2.588757210E2,5.232870697E1,4.868518480E0,5.049340072E0,1.960000038E0,3.000000000E0,3.108800125E1,1.200000000E1
2.598757210E2,5.232872447E1,4.868530430E0,5.010553163E0,1.980000019E0,9.600000381E0,3.108800125E1,1.200000000E1
2.608757211E2,5.232874282E1,4.868551980E0,4.903840802E0,1.970000029E0,8.800000191E0,3.215999985E1,1.200000000E1
2.618757209E2,5.232876148E1,4.868566270E0,4.853643287E0,1.980000019E0,8.500000000E0,3.215999985E1,1.200000000E1
2.628757210E2,5.232878002E1,4.868576180E0,4.873633532E0,1.990000010E0,6.400000095E0,3.215999985E1,8.000000000E0
2.638757209E2,5.232879853E1,4.868586480E0,4.857491145E0,2.000000000E0,7.800000191E0,3.323200226E1,1.200000000E1
2.648757210E2,5.232881706E1,4.868592060E0,4.846473043E0,2.000000000E0,9.100000381E0,3.323200226E1,1.200000000E1
2.658757197E2,5.232883518E1,4.868596460E0,4.840336504E0,2.000000000E0,6.599999905E0,3.323200226E1,1.200000000E1
2.668757206E2,5.232885340E1,4.868598320E0,4.861481369E0,2.009999990E0,4.599999905E0,3.430400085E1,1.200000000E1
2.678757210E2,5.232887181E1,4.868600210E0,4.833920464E0,2.019999981E0,3.299999952E0,3.537599945E1,1.200000000E1
2.688757209E2,5.232888934E1,4.868601790E0,4.839927480E0,1.929999948E0,3.299999952E0,3.752000046E1,1.200000000E1
2.698757201E2,5.232890575E1,4.868599890E0,4.881087182E0,1.820000052E0,2.400000095E0,3.859200287E1,1.200000000E1
2.708757208E2,5.232892014E1,4.868619450E0,4.951492138E0,1.830000043E0,1.489999962E1,3.752000046E1,1.200000000E1
2.718757209E2,5.232893484E1,4.868642870E0,4.925708328E0,1.860000014E0,1.480000019E1,3.644800186E1,1.200000000E1
2.728757202E2,5.232895019E1,4.868654750E0,4.998063373E0,1.889999986E0,9.899999619E0,3.537599945E1,1.200000000E1
2.738757206E2,5.232896651E1,4.868661730E0,4.988263665E0,1.909999967E0,6.800000191E0,3.537599945E1,1.200000000E1
2.748757206E2,5.232898313E1,4.868668300E0,4.994638461E0,1.929999948E0,1.039999962E1,3.537599945E1,1.200000000E1
2.758757204E2,5.232899975E1,4.868670970E0,5.028171675E0,1.940000057E0,1.119999981E1,3.430400085E1,1.200000000E1
2.768757209E2,5.232901684E1,4.868670680E0,5.112546144E0,1.870000005E0,6.300000191E0,3.215999985E1,1.200000000E1
2.778757206E2,5.232903425E1,4.868667810E0,5.090779454E0,1.899999976E0,3.562999878E2,3.108800125E1,1.200000000E1
2.788757200E2,5.232905164E1,4.868664930E0,5.046124546E0,1.899999976E0,3.506000061E2,3.001600075E1,1.200000000E1
2.798757202E2,5.232906912E1,4.868653230E0,4.990722540E0,1.889999986E0,3.538999939E2,2.787200165E1,1.200000000E1
2.808757201E2,5.232908639E1,4.868643880E0,4.949481736E0,1.889999986E0,3.522999878E2,2.465600014E1,1.200000000E1
2.818757206E2,5.232910413E1,4.868630880E0,4.959936287E0,1.889999986E0,3.582000122E2,2.251200104E1,1.200000000E1
2.828757209E2,5.232912246E1,4.868618460E0,4.958917390E0,1.870000005E0,3.591000061E2,2.144000053E1,1.200000000E1
2.838757207E2,5.232914010E1,4.868611400E0,4.960708200E0,1.870000005E0,2.500000000E0,1.929600143E1,8.000000000E0
2.848757206E2,5.232915702E1,4.868603510E0,5.023776820E0,1.860000014E0,5.500000000E0,1.822400093E1,8.000000000E0
2.858757210E2,5.232917447E1,4.868597820E0,5.021356719E0,1.860000014E0,6.599999905E0,1.822400093E1,8.000000000E0
2.868757201E2,5.232919188E1,4.868595370E0,5.010393491E0,1.870000005E0,5.599999905E0,1.822400093E1,8.000000000E0
2.878757207E2,5.232920963E1,4.868593620E0,5.053020008E0,1.879999995E0,8.500000000E0,1.929600143E1,1.200000000E1
2.888757209E2,5.232922828E1,4.868598030E0,5.041330021E0,1.889999986E0,1.620000076E1,2.036800003E1,1.200000000E1
2.898757210E2,5.232924566E1,4.868608730E0,5.058572504E0,1.899999976E0,2.100000000E1,2.144000053E1,1.200000000E1
2.908757205E2,5.232926249E1,4.868619790E0,5.043038539E0,1.909999967E0,1.850000000E1,2.144000053E1,1.200000000E1
2.918757211E2,5.232928036E1,4.868629580E0,5.140542422E0,1.919999957E0,1.389999962E1,2.251200104E1,1.200000000E1
2.928757210E2,5.232929899E1,4.868639320E0,5.207957014E0,1.929999948E0,1.230000019E1,2.465600014E1,1.200000000E1
2.938757208E2,5.232931729E1,4.868646570E0,5.245096282E0,1.929999948E0,1.569999981E1,2.465600014E1,1.200000000E1
2.948757205E2,5.232933500E1,4.868651740E0,5.237372692E0,1.919999957E0,1.269999981E1,2.358399963E1,1.200000000E1
2.958757206E2,5.232935266E1,4.868654560E0,5.261874252E0,1.909999967E0,1.280000019E1,2.358399963E1,1.200000000E1
2.968757206E2,5.232937002E1,4.868657220E0,5.269407524E0,1.899999976E0,1.050000000E1,2.358399963E1,1.200000000E1
